product_key,product_name,url
bugbell|bugbellbonepower|dry,BugBell Bone Power,https://www.zooplus.com/shop/dogs/dry_dog_food/bugbell/2220522?activeVariant=2220522.3
royalcaninveterinaryexpert|royalcaninexpertcanineneuteredadultlargedog|dry,Royal Canin Expert Canine Neutered Adult Large Dog,https://www.zooplus.com/shop/dogs/dry_dog_food/royal_canin_vet_diet/1949350?activeVariant=1949350.1
advanceveterinarydiets|advanceveterinarydietshypoallergenicmini_v2|dry,Advance Veterinary Diets Hypoallergenic Mini (Variant 2),https://www.zooplus.com/shop/dogs/dry_dog_food/advance_vet_diets/2159368?activeVariant=2159368.0
advance_veterinary_diets|advance_veterinary_diets_hypoallergenic|dry,Hypoallergenic,https://www.zooplus.com/shop/dogs/dry_dog_food/advance_vet_diets/1949491?activeVariant=1949491.2
advance_veterinary_diets|advance_veterinary_diets_hypoallergenic_mini|dry,Hypoallergenic Mini,https://www.zooplus.com/shop/dogs/dry_dog_food/advance_vet_diets/2159368?activeVariant=2159368.1
tasteofthewild|tasteofthewildwetlandscanine|wet,Taste of the Wild - Wetlands Canine,https://www.zooplus.com/shop/dogs/dry_dog_food/taste_of_the_wild/231826?activeVariant=231826.9
pedigree|pedigreejuniorpoultryvegetables|dry,Pedigree Junior Poultry & Vegetables,https://www.zooplus.com/shop/dogs/dry_dog_food/pedigree/pedigree_puppy/1975418?activeVariant=1975418.1
applaws|applaws_puppy_small_&_medium_breed_-_chicken|dry,Puppy Small & Medium Breed - Chicken,https://www.zooplus.com/shop/dogs/dry_dog_food/applaws_dry_dog_food/354522
royalcanin|royalcaninfrenchbulldogpuppy|dry,Royal Canin French Bulldog Puppy,https://www.zooplus.com/shop/dogs/dry_dog_food/royal_canin_breed/french_bulldog/209128?activeVariant=209128.12
royalcanin|royalcaninrottweileradult|dry,Royal Canin Rottweiler Adult,https://www.zooplus.com/shop/dogs/dry_dog_food/royal_canin_breed/rottweiler/209269?activeVariant=209269.7
arquivet|arquivet_original_adult_lamb_&_rice|dry,Original Adult Lamb & Rice,https://www.zooplus.com/shop/dogs/dry_dog_food/arquivet/2227240?activeVariant=2227240.0
royalcanincarenutrition|royalcaninmediumsterilised_v2|dry,Royal Canin Medium Sterilised (Variant 2),https://www.zooplus.com/shop/dogs/dry_dog_food/royal_canin_care_nutrition/296052?activeVariant=296052.9
royalcanincarenutrition|royalcaninmediumsterilised|dry,Royal Canin Medium Sterilised,https://www.zooplus.com/shop/dogs/dry_dog_food/royal_canin_care_nutrition/296052?activeVariant=296052.8
happydogsupreme|happydogsupremetoscana|dry,Happy Dog Supreme Toscana,https://www.zooplus.com/shop/dogs/dry_dog_food/happy_dog/supreme/128453
purizon|purizonsinglemeatadultdoggrainfreebeefwithhibiscus|dry,Purizon Single Meat Adult Dog - Grain-Free Beef with Hibiscus Blossoms,https://www.zooplus.com/shop/dogs/dry_dog_food/purizon/single_meat/2124227?activeVariant=2124227.2
belcando|belcando_baseline_young|dry,Baseline Young,https://www.zooplus.com/shop/dogs/dry_dog_food/belcando/baseline/2176816?activeVariant=2176816.1
dogsntiger|dogsntigeradultinnocentlamb|dry,Dogs'n Tiger Adult Innocent Lamb,https://www.zooplus.com/shop/dogs/dry_dog_food/dogsn_tiger/2188952?activeVariant=2188952.1
bosch|bosch_adult_mini_senior_dry_dog_food|dry,Adult Mini Senior Dry Dog Food,https://www.zooplus.com/shop/dogs/dry_dog_food/bosch/bosch_senior/317406?activeVariant=317406.3
bosch|bosch_hpc_adult_vegan_potato_&_pea|dry,HPC Adult Vegan Potato & Pea,https://www.zooplus.com/shop/dogs/dry_dog_food/bosch/bosch_adult/1995623?activeVariant=1995623.4
bosch|bosch_adult_mini_poultry_&_millet_dry_dog_food|dry,Adult Mini Poultry & Millet Dry Dog Food,https://www.zooplus.com/shop/dogs/dry_dog_food/bosch/bosch_adult/323020?activeVariant=323020.4
bosch|bosch_hpc_soft_maxi_water_buffalo_&_sweet_potato|dry,HPC Soft Maxi Water Buffalo & Sweet potato,https://www.zooplus.com/shop/dogs/dry_dog_food/bosch/bosch_adult/2296076?activeVariant=2296076.1
bosch|bosch_senior_age_&_weight_dry_dog_food|dry,Senior Age & Weight Dry Dog Food,https://www.zooplus.com/shop/dogs/dry_dog_food/bosch/bosch_life_protection/136396?activeVariant=136396.2
bozita|bozita_grain_free_mother_&_puppy_xl_elk|dry,Grain Free Mother & Puppy XL Elk,https://www.zooplus.com/shop/dogs/dry_dog_food/bozita/bozita_dog_food/1488409?activeVariant=1488409.7
bozita|bozita_grain_free_salmon_&_beef_for_small_dogs|dry,Grain Free Salmon & Beef for Small Dogs,https://www.zooplus.com/shop/dogs/dry_dog_food/bozita/bozita_dog_food/1488611?activeVariant=1488611.3
bozita|bozita_robur_adult_active_performance_reindeer|dry,Robur Adult Active Performance Reindeer,https://www.zooplus.com/shop/dogs/dry_dog_food/bozita/bozita_robur_dog_food/2311849?activeVariant=2311849.0
bozita|bozita_robur_puppy_&_junior_chicken|dry,Robur Puppy & Junior Chicken,https://www.zooplus.com/shop/dogs/dry_dog_food/bozita/bozita_robur_dog_food/2311868?activeVariant=2311868.3
briantos|briantos_grain-free_economy_pack|dry,Grain-Free Economy Pack,https://www.zooplus.com/shop/dogs/dry_dog_food/briantos/saver_packs/999078?activeVariant=999078.1
bosch|boschhpcadultveganpotatopea|dry,bosch HPC Adult Vegan Potato & Pea,https://www.zooplus.com/shop/dogs/dry_dog_food/bosch/bosch_adult/1995623?activeVariant=1995623.4
brit|brit_care_dog_hypoallergenic_weight_loss_rabbit|dry,Care Dog Hypoallergenic Weight Loss Rabbit,https://www.zooplus.com/shop/dogs/dry_dog_food/brit/brit_care/1583559?activeVariant=1583559.1
rinti|rinti_canine_diabetes_with_chicken|wet,Canine Diabetes with Chicken,https://www.zooplus.com/shop/dogs/canned_dog_food/rinti/specialist_diet/1582654?activeVariant=1582654.0
brit|brit_premium_by_nature_light|dry,Premium by Nature Light,https://www.zooplus.com/shop/dogs/dry_dog_food/brit/brit_premium/1949070?activeVariant=1949070.2
royalcanin|royalcaninlabradorretrieveradult5|dry,Royal Canin Labrador Retriever Adult 5+,https://www.zooplus.com/shop/dogs/dry_dog_food/royal_canin_breed/labrador_retriever/961684?activeVariant=961684.1
bugbell|bugbell_energy_wonder|dry,Energy Wonder,https://www.zooplus.com/shop/dogs/dry_dog_food/bugbell/2220539?activeVariant=2220539.1
bugbell|bugbell_happy_mood|dry,Happy Mood,https://www.zooplus.com/shop/dogs/dry_dog_food/bugbell/2220470?activeVariant=2220470.3
bugbell|bugbell_magic_relax|dry,Magic Relax,https://www.zooplus.com/shop/dogs/dry_dog_food/bugbell/2220822?activeVariant=2220822.3
bugbell|bugbell_bone_power|dry,Bone Power,https://www.zooplus.com/shop/dogs/dry_dog_food/bugbell/2220522?activeVariant=2220522.3
pedigree|pedigreeprofessionalnutritionadultbeefvegetables|dry,Pedigree Professional Nutrition Adult Beef & Vegetables,https://www.zooplus.com/shop/dogs/dry_dog_food/pedigree/pedigree_adult/1963723?activeVariant=1963723.0
calibra|calibra_life_senior_large_breed_fresh_beef|dry,Life Senior Large Breed Fresh Beef,https://www.zooplus.com/shop/dogs/dry_dog_food/calibra/1947655?activeVariant=1947655.1
calibra|calibra_veterinary_diet_hepatic_salmon|dry,Veterinary Diet Hepatic Salmon,https://www.zooplus.com/shop/dogs/dry_dog_food/calibra/1949240?activeVariant=1949240.1
simpsonspremium|simpsonspremiumsensitiveadultduckpotatodrydogfood|dry,Simpsons Premium Sensitive Adult Duck & Potato Dry Dog Food,https://www.zooplus.com/shop/dogs/dry_dog_food/simpsons_premium/sensitive/538330?activeVariant=538330.1
purinadogchow|purinadogchowlargebreedturkey|dry,PURINA Dog Chow Large Breed Turkey,https://www.zooplus.com/shop/dogs/dry_dog_food/beta_dry_dog_food/adult/603109?activeVariant=603109.10
applaws|applawspuppysmallmediumbreedchicken|dry,Applaws Puppy Small & Medium Breed - Chicken,https://www.zooplus.com/shop/dogs/dry_dog_food/applaws_dry_dog_food/354522
simpsonspremium|simpsonspremiumsensitiveadultduckpotatodrydogfood_v2|dry,Simpsons Premium Sensitive Adult Duck & Potato Dry Dog Food (Variant 2),https://www.zooplus.com/shop/dogs/dry_dog_food/simpsons_premium/sensitive/538330?activeVariant=538330.2
wolfofwilderness|wolfofwildernessvelvetgloomturkeytroutgrainfree|dry,"Wolf of Wilderness ""Velvet Gloom"" - Turkey & Trout - Grain-free",https://www.zooplus.com/shop/dogs/dry_dog_food/wolf_of_wilderness/206814/1665014?activeVariant=1665014.1
royalcanincarenutrition|royalcaninmaxidigestivecare_v2|dry,Royal Canin Maxi Digestive Care (Variant 2),https://www.zooplus.com/shop/dogs/dry_dog_food/royal_canin_care_nutrition/128341?activeVariant=128341.12
concept-for-life|concept_for_life_boxer_adult|dry,for Life Boxer Adult,https://www.zooplus.com/shop/dogs/dry_dog_food/concept_for_life/concept_for_life_breed/993420?activeVariant=993420.1
concept-for-life|concept_for_life_large_adult|dry,for Life Large Adult,https://www.zooplus.com/shop/dogs/dry_dog_food/concept_for_life/concept_for_life_large/561474?activeVariant=561474.6
concept-for-life|concept_for_life_labrador_retriever_adult|dry,for Life Labrador Retriever Adult,https://www.zooplus.com/shop/dogs/dry_dog_food/concept_for_life/concept_for_life_breed/561473?activeVariant=561473.8
concept_for_life_veterinary_diet|concept_for_life_veterinary_diet_hypoallergenic_-_kangaroo|wet,Hypoallergenic - Kangaroo,https://www.zooplus.com/shop/dogs/canned_dog_food/concept_for_life_vet_diet_dog_wet/hypoallergenic/760117?activeVariant=760117.5
concept_for_life_veterinary_diet|concept_for_life_veterinary_diet_hypoallergenic_insect|dry,Hypoallergenic Insect,https://www.zooplus.com/shop/dogs/dry_dog_food/concept_for_life_vet_dog_dry/hypoallergenic/818920?activeVariant=818920.8
concept_for_life_veterinary_diet|concept_for_life_veterinary_diet_renal|wet,Renal,https://www.zooplus.com/shop/dogs/canned_dog_food/concept_for_life_vet_diet_dog_wet/renal/760120
concept_for_life_veterinary_diet|concept_for_life_veterinary_diet_weight_control|dry,Weight Control,https://www.zooplus.com/shop/dogs/dry_dog_food/concept_for_life_vet_dog_dry/weight_control/820209?activeVariant=820209.6
applaws|applawspuppysmallmediumbreedchicken_v3|dry,Applaws Puppy Small & Medium Breed - Chicken (Variant 3),https://www.zooplus.com/shop/dogs/dry_dog_food/applaws_dry_dog_food/354522?activeVariant=354522.5
concept-for-life|concept_for_life_medium_puppy_&_junior|dry,for Life Medium Puppy & Junior,https://www.zooplus.com/shop/dogs/dry_dog_food/concept_for_life/concept_for_life_medium/561523?activeVariant=561523.6
concept-for-life|concept_for_life_mini_puppy_&_junior|dry,for Life Mini Puppy & Junior,https://www.zooplus.com/shop/dogs/dry_dog_food/concept_for_life/concept_for_life_mini/561528?activeVariant=561528.5
concept-for-life|concept_for_life_large_sensitive|dry,for Life Large Sensitive,https://www.zooplus.com/shop/dogs/dry_dog_food/concept_for_life/concept_for_life_large/561477?activeVariant=561477.4
animonda|animondagrancarnoadultpoultrylamb_v2|dry,animonda GranCarno Adult Poultry & Lamb (Variant 2),https://www.zooplus.com/shop/dogs/dry_dog_food/animonda/grancarno/2094921
coya|coya_kibble_plus_with_chicken|dry,Kibble Plus with Chicken,https://www.zooplus.com/shop/dogs/dry_dog_food/coya/2185910?activeVariant=2185910.0
doggy_dog|doggy_dog_sensitive_with_lamb|dry,Sensitive with Lamb,https://www.zooplus.com/shop/dogs/dry_dog_food/doggy_dog/2157448
dogs'n_tiger|dogs'n_tiger_adult_innocent_lamb|dry,Adult Innocent Lamb,https://www.zooplus.com/shop/dogs/dry_dog_food/dogsn_tiger/2188952?activeVariant=2188952.1
royalcaninveterinaryexpert|royalcaninexpertneuteredjuniormediumdog|dry,Royal Canin Expert - Neutered Junior Medium Dog,https://www.zooplus.com/shop/dogs/dry_dog_food/royal_canin_vet_diet/2137881?activeVariant=2137881.0
conceptforlife|conceptforlifeminipuppyjunior|dry,Concept for Life Mini Puppy & Junior,https://www.zooplus.com/shop/dogs/dry_dog_food/concept_for_life/concept_for_life_mini/561528?activeVariant=561528.5
conceptforlife|conceptforlifeminipuppyjunior_v2|dry,Concept for Life Mini Puppy & Junior (Variant 2),https://www.zooplus.com/shop/dogs/dry_dog_food/concept_for_life/concept_for_life_mini/561528?activeVariant=561528.4
eukanuba|eukanuba_daily_care_adult_mono-protein_with_salmon|dry,Daily Care Adult Mono-Protein with Salmon,https://www.zooplus.com/shop/dogs/dry_dog_food/eukanuba/eukanuba_special_care/1383230?activeVariant=1383230.1
eukanuba|eukanuba_daily_care_mono-protein_with_duck|dry,Daily Care Mono-Protein with Duck,https://www.zooplus.com/shop/dogs/dry_dog_food/eukanuba/eukanuba_special_care/1849031?activeVariant=1849031.1
eukanuba|eukanuba_daily_care_adult_working_&_endurance|dry,Daily Care Adult Working & Endurance,https://www.zooplus.com/shop/dogs/dry_dog_food/eukanuba/eukanuba_special_care/1014930?activeVariant=1014930.0
eukanuba|eukanuba_daily_care_overweight_adult_dog|dry,Daily Care Overweight Adult Dog,https://www.zooplus.com/shop/dogs/dry_dog_food/eukanuba/eukanuba_special_care/128065?activeVariant=128065.14
eukanuba|eukanuba_medium_breed_adult_-_weight_control|dry,Medium Breed Adult - Weight Control,https://www.zooplus.com/shop/dogs/dry_dog_food/eukanuba/light/128056?activeVariant=128056.13
rocco|roccodietcareeconomypackg_v2|dry,Rocco Diet Care Economy Pack g (Variant 2),https://www.zooplus.com/shop/dogs/dry_dog_food/rocco/rocco_diet_care_dry_dog_food/1948014?activeVariant=1948014.2
perfect_fit|perfect_fit_adult_dogs_(<10kg)_chicken|dry,Adult Dogs (<10kg) Chicken,https://www.zooplus.com/shop/dogs/dry_dog_food/perfect_fit/adult/628034
fitactive|fitactive_next_hypoallergenic_mono-protein_lamb|dry,Next Hypoallergenic Mono-Protein Lamb,https://www.zooplus.com/shop/dogs/dry_dog_food/fitactive/adult/2175588?activeVariant=2175588.0
fitactive|fitactive_originals_adult_regular_beef|dry,Originals Adult Regular Beef,https://www.zooplus.com/shop/dogs/dry_dog_food/fitactive/adult/2002695?activeVariant=2002695.2
fitmin|fitmin_nutritional_programme_performance_maxi_-_original|dry,Nutritional Programme Performance Maxi - Original,https://www.zooplus.com/shop/dogs/dry_dog_food/fitmin/1968811?activeVariant=1968811.1
fitmin|fitmin_programme_maxi_junior|dry,Programme Maxi Junior,https://www.zooplus.com/shop/dogs/dry_dog_food/fitmin/1967939?activeVariant=1967939.1
rocco|roccodietcareeconomypackg_v3|dry,Rocco Diet Care Economy Pack g (Variant 3),https://www.zooplus.com/shop/dogs/dry_dog_food/rocco/rocco_diet_care_dry_dog_food/1948014?activeVariant=1948014.0
forza10|forza_10_maintenance_medium/maxi_puppy_with_fish|dry,Forza 10 Maintenance Medium/Maxi Puppy with Fish,https://www.zooplus.com/shop/dogs/dry_dog_food/forza10/maintenance/1947717
forza10|forza_10_mini_puppy_with_fish|dry,Forza 10 Mini Puppy with Fish,https://www.zooplus.com/shop/dogs/dry_dog_food/forza10/puppy/2136037?activeVariant=2136037.0
forza10|forza10_bio_all_breeds_vegetal_with_seaweed_croquettes_for_dogs|dry,Bio All Breeds Vegetal with Seaweed Croquettes for Dogs,https://www.zooplus.com/shop/dogs/dry_dog_food/forza10/every_day/1947503?activeVariant=1947503.1
forza10|forza10_diet_medium_&_large_mono_sensitive_digestion_with_fish|dry,Diet Medium & Large Mono Sensitive Digestion with Fish,https://www.zooplus.com/shop/dogs/dry_dog_food/forza10/forza_10_diet/2031635?activeVariant=2031635.0
forza10|forza10_mini_&_toy_diet_lamb_with_rice_croquettes_for_dogs|dry,Mini & Toy Diet Lamb with Rice Croquettes for dogs,https://www.zooplus.com/shop/dogs/dry_dog_food/forza10/forza_10_diet/1948053?activeVariant=1948053.0
forza10|forza10_mini_diet_game_&_potatoes|dry,Mini Diet Game & Potatoes,https://www.zooplus.com/shop/dogs/dry_dog_food/forza10/forza_10_diet/1948794?activeVariant=1948794.0
forza10|forza10_mini_diet_low_grain_with_pork_&_potato|dry,Mini Diet Low Grain with Pork & Potato,https://www.zooplus.com/shop/dogs/dry_dog_food/forza10/forza_10_diet/1897871?activeVariant=1897871.0
granatapet|granatapet_liebling's_meal_time_adult_lamb|dry,Liebling's meal time Adult lamb,https://www.zooplus.com/shop/dogs/dry_dog_food/granatapet/1948795?activeVariant=1948795.0
greenwoods|greenwoods_insects_with_potatoes_&_carrots|wet,Insects with Potatoes & Carrots,https://www.zooplus.com/shop/dogs/canned_dog_food/greenwoods/greenwoods_insects_dog_wet/1238328?activeVariant=1238328.1
happydogsupreme|happydogsupremefitvitaljunior|dry,Happy Dog Supreme fit & vital Junior,https://www.zooplus.com/shop/dogs/dry_dog_food/happy_dog/1583215?activeVariant=1583215.1
"greenwoods|greenwoods_veggie_with_cottage_cheese,_egg,_apple_&_broccoli|wet","Veggie with Cottage Cheese, Egg, Apple & Broccoli",https://www.zooplus.com/shop/dogs/canned_dog_food/greenwoods/greenwoods_veggie_wet/1367231?activeVariant=1367231.1
happy_dog_naturcroq|happy_dog_naturcroq_balance|dry,Balance,https://www.zooplus.com/shop/dogs/dry_dog_food/happy_dog_medium/happy_dog_natur_croq/1948963?activeVariant=1948963.1
happy_dog_naturcroq|happy_dog_naturcroq_economy_packs|dry,Economy Packs,https://www.zooplus.com/shop/dogs/dry_dog_food/happy_dog_medium/1947861?activeVariant=1947861.0
happy_dog_naturcroq|happy_dog_naturcroq_mini_puppy_poultry|dry,Mini Puppy Poultry,https://www.zooplus.com/shop/dogs/dry_dog_food/happy_dog_medium/happy_dog_natur_croq/2105177?activeVariant=2105177.1
happy_dog_naturcroq|happy_dog_naturcroq_xxl|dry,XXL,https://www.zooplus.com/shop/dogs/dry_dog_food/happy_dog_medium/happy_dog_natur_croq/1948966?activeVariant=1948966.0
happy_dog_naturcroq|happy_dog_premium_naturcroq_classic_flakes|dry,Dog Premium NaturCroq Classic Flakes,https://www.zooplus.com/shop/dogs/dry_dog_food/happy_dog_medium/happy_dog_natur_croq/1480414?activeVariant=1480414.0
happy_dog_supreme|happy_dog_fit_&_vital_mini_puppy|dry,fit & vital Mini Puppy,https://www.zooplus.com/shop/dogs/dry_dog_food/happy_dog/1948960?activeVariant=1948960.1
happy_dog_supreme|happy_dog_sensible_mini_africa|dry,Sensible Mini Africa,https://www.zooplus.com/shop/dogs/dry_dog_food/happy_dog/1948967?activeVariant=1948967.1
happy_dog_supreme|happy_dog_sensible_mini_canada|dry,Sensible Mini Canada,https://www.zooplus.com/shop/dogs/dry_dog_food/happy_dog/1949013?activeVariant=1949013.0
happy_dog_supreme|happy_dog_sensible_mini_france|dry,Sensible Mini France,https://www.zooplus.com/shop/dogs/dry_dog_food/happy_dog/1949014?activeVariant=1949014.0
happy_dog_supreme|happy_dog_sensible_mini_india|dry,Sensible Mini India,https://www.zooplus.com/shop/dogs/dry_dog_food/happy_dog/1949015?activeVariant=1949015.0
happy_dog_supreme|happy_dog_supreme_fit_&_vital_maxi_adult|dry,fit & vital Maxi Adult,https://www.zooplus.com/shop/dogs/dry_dog_food/happy_dog/fit_vital/945829?activeVariant=945829.1
happy_dog_supreme|happy_dog_supreme_fit_&_vital_medium_adult|dry,fit & vital Medium Adult,https://www.zooplus.com/shop/dogs/dry_dog_food/happy_dog/fit_vital/945573?activeVariant=945573.0
happy_dog_supreme|happy_dog_supreme_sensible_canada|dry,Sensible Canada,https://www.zooplus.com/shop/dogs/dry_dog_food/happy_dog/supreme/491528?activeVariant=491528.6
happy_dog_supreme|happy_dog_supreme_sensible_france|dry,Sensible France,https://www.zooplus.com/shop/dogs/dry_dog_food/happy_dog/supreme/1471226?activeVariant=1471226.1
happy_dog_supreme|happy_dog_supreme_sensible_montana|dry,Sensible Montana,https://www.zooplus.com/shop/dogs/dry_dog_food/happy_dog/1583214?activeVariant=1583214.1
happy_dog_supreme|happy_dog_supreme_toscana|dry,Toscana,https://www.zooplus.com/shop/dogs/dry_dog_food/happy_dog/supreme/128453
rocco|roccoflakemix|dry,Rocco Flake Mix,https://www.zooplus.com/shop/dogs/dry_dog_food/rocco/flake_mix/682216?activeVariant=682216.0
royalcanin|royalcanincavalierkingcharlespuppy|dry,Royal Canin Cavalier King Charles Puppy,https://www.zooplus.com/shop/dogs/dry_dog_food/royal_canin_breed/cavalier_king_charles/399069?activeVariant=399069.5
bosch|boschpuppydrydogfood|dry,bosch Puppy Dry Dog Food,https://www.zooplus.com/shop/dogs/dry_dog_food/bosch/bosch_puppy_junior/139951?activeVariant=139951.7
virbac_vetcomplex|virbac_vetcomplex_hpm_canine_dermatology_support|dry,HPM Canine Dermatology Support,https://www.zooplus.com/shop/dogs/dry_dog_food/virbac_dog_food/656203?activeVariant=656203.3
royalcanin|royalcanincavalierkingcharlespuppy_v2|dry,Royal Canin Cavalier King Charles Puppy (Variant 2),https://www.zooplus.com/shop/dogs/dry_dog_food/royal_canin_breed/cavalier_king_charles/399069?activeVariant=399069.4
bosch|boschpuppydrydogfood_v2|dry,bosch Puppy Dry Dog Food (Variant 2),https://www.zooplus.com/shop/dogs/dry_dog_food/bosch/bosch_puppy_junior/139951?activeVariant=139951.6
applaws|applawspuppysmallmediumbreedchicken_v4|dry,Applaws Puppy Small & Medium Breed - Chicken (Variant 4),https://www.zooplus.com/shop/dogs/dry_dog_food/applaws_dry_dog_food/354522?activeVariant=354522.8
happydognaturcroq|happydognaturcroqxxl|dry,Happy Dog NaturCroq XXL,https://www.zooplus.com/shop/dogs/dry_dog_food/happy_dog_medium/happy_dog_natur_croq/1948966?activeVariant=1948966.0
integra_protect|animonda_integra_protect_adult_dog_sensitive|dry,animonda Integra Protect Adult Dog Sensitive,https://www.zooplus.com/shop/dogs/dry_dog_food/integra/dry/1908164?activeVariant=1908164.2
james_wellbeloved|james_wellbeloved_adult_dog_hypoallergenic_turkey_with_vegetables_in_gravy|wet,Adult Dog Hypoallergenic Turkey with Vegetables in Gravy,https://www.zooplus.com/shop/dogs/canned_dog_food/jameswellbeloved/2220236
happydogsupreme|happydogsupremesensiblemontana|dry,Happy Dog Supreme Sensible Montana,https://www.zooplus.com/shop/dogs/dry_dog_food/happy_dog/1583214?activeVariant=1583214.1
carnilove|carnilovetruefreshlargebreedwithduck|dry,Carnilove True Fresh Large Breed with duck,https://www.zooplus.com/shop/dogs/dry_dog_food/carnilove/1949246?activeVariant=1949246.0
purizon|purizonpuppylargebreeddoggrainfreechickenfish_v2|dry,Purizon Puppy Large Breed Dog – Grain-Free Chicken & Fish (Variant 2),https://www.zooplus.com/shop/dogs/dry_dog_food/purizon/puppy_grainfree/688284?activeVariant=688284.9
simpsons_premium|simpsons_premium_sensitive_adult_duck_&_potato_dry_dog_food|dry,Sensitive Adult Duck & Potato Dry Dog Food,https://www.zooplus.com/shop/dogs/dry_dog_food/simpsons_premium/sensitive/538330?activeVariant=538330.1
lukullus|lukullus_classic_senior_grain-free_turkey_&_duck|dry,Classic Senior Grain-Free Turkey & Duck,https://www.zooplus.com/shop/dogs/dry_dog_food/lukullus/senior/2119334?activeVariant=2119334.1
bugbell|bugbellbonepower_v2|dry,BugBell Bone Power (Variant 2),https://www.zooplus.com/shop/dogs/dry_dog_food/bugbell/2220522?activeVariant=2220522.0
jameswellbeloved|jameswellbelovedsuperfoodsgrainfreeadultdoghypoall_v2|dry,James Wellbeloved Superfoods Grain Free Adult Dog Hypoallergenic Turkey with Kale & Quinoa (Variant ,https://www.zooplus.com/shop/dogs/dry_dog_food/james_wellbeloved/wellbeloved_cerealfree/2220769
lukullus|lukullus_senior_veal_&_turkey_-_grain-free|wet,Senior Veal & Turkey - Grain-Free,https://www.zooplus.com/shop/dogs/canned_dog_food/lukullus/lukullus_senior/1343803?activeVariant=1343803.1
lukullus|lukullus_veggie_adult_grain-free|dry,Veggie Adult Grain-Free,https://www.zooplus.com/shop/dogs/dry_dog_food/lukullus/veggie/2129499?activeVariant=2129499.0
mera|mera_care_junior_chicken|dry,Care Junior Chicken,https://www.zooplus.com/shop/dogs/dry_dog_food/mera_dog/classic/128517
mera|mera_essential_adult_with_beef|dry,essential Adult with Beef,https://www.zooplus.com/shop/dogs/dry_dog_food/mera_dog/classic/1900043
bugbell|bugbellmagicrelax|dry,BugBell Magic Relax,https://www.zooplus.com/shop/dogs/dry_dog_food/bugbell/2220822?activeVariant=2220822.3
mera|mera_essential_adult_with_poultry|dry,essential Adult with Poultry,https://www.zooplus.com/shop/dogs/dry_dog_food/mera_dog/classic/1900246
"mera|mera_pure_green_adult_vegan_oats,_millet_&_fava_bean|dry","Pure Green Adult Vegan Oats, Millet & Fava Bean",https://www.zooplus.com/shop/dogs/dry_dog_food/mera_dog/2006249?activeVariant=2006249.0
mera|mera_pure_sensitive_junior_turkey_&_rice|dry,Pure Sensitive Junior Turkey & Rice,https://www.zooplus.com/shop/dogs/dry_dog_food/mera_dog/1949061?activeVariant=1949061.0
mera|mera_pure_sensitive_mini_lamb_&_rice|dry,Pure Sensitive Mini Lamb & Rice,https://www.zooplus.com/shop/dogs/dry_dog_food/mera_dog/2009395?activeVariant=2009395.0
mera|mera_pure_sensitive_mini_turkey_&_rice|dry,Pure Sensitive Mini Turkey & Rice,https://www.zooplus.com/shop/dogs/dry_dog_food/mera_dog/2009377?activeVariant=2009377.0
mera|mera_pure_sensitive_senior_turkey_&_rice|dry,Pure Sensitive Senior Turkey & Rice,https://www.zooplus.com/shop/dogs/dry_dog_food/mera_dog/1949063?activeVariant=1949063.1
novafoodsnaturaltrainer|naturaltrainerpuppyjuniormaxiwithchicken_v2|dry,Natural Trainer Puppy & Junior Maxi with Chicken (Variant 2),https://www.zooplus.com/shop/dogs/dry_dog_food/trainernatural/1949151?activeVariant=1949151.1
eukanuba|eukanubaadultlargebreedsalmon|dry,Eukanuba Adult Large Breed Salmon,https://www.zooplus.com/shop/dogs/dry_dog_food/eukanuba/eukanuba_adult_large/2336777?activeVariant=2336777.0
bozita|bozitaroburpuppyjuniorchicken|dry,Bozita Robur Puppy & Junior Chicken,https://www.zooplus.com/shop/dogs/dry_dog_food/bozita/bozita_robur_dog_food/2311868?activeVariant=2311868.3
royalcaninsize|royalcaninmediumstartermotherbabydog|dry,Royal Canin Medium Starter Mother & Babydog,https://www.zooplus.com/shop/dogs/dry_dog_food/royal_canin_size/medium/207804?activeVariant=207804.13
fitactive|fitactiveoriginalsadultregularbeef|dry,FitActive Originals Adult Regular Beef,https://www.zooplus.com/shop/dogs/dry_dog_food/fitactive/adult/2002695?activeVariant=2002695.2
eukanuba|eukanubaadultlargebreedsalmon_v2|dry,Eukanuba Adult Large Breed Salmon (Variant 2),https://www.zooplus.com/shop/dogs/dry_dog_food/eukanuba/eukanuba_adult_large/2336777?activeVariant=2336777.1
nova_foods_natural_trainer|natural_trainer_adult_maxi_with_tuna|dry,Adult Maxi with Tuna,https://www.zooplus.com/shop/dogs/dry_dog_food/trainernatural/1947925?activeVariant=1947925.0
nova_foods_natural_trainer|natural_trainer_adult_medium_with_chicken|dry,Adult Medium with Chicken,https://www.zooplus.com/shop/dogs/dry_dog_food/trainernatural/1584468?activeVariant=1584468.3
nova_foods_natural_trainer|natural_trainer_adult_small_&_toy_with_prosciutto_crudo|dry,Adult Small & Toy with Prosciutto Crudo,https://www.zooplus.com/shop/dogs/dry_dog_food/trainernatural/1949102?activeVariant=1949102.0
nova_foods_natural_trainer|natural_trainer_mature_small_&_toy_with_chicken|dry,Mature Small & Toy with Chicken,https://www.zooplus.com/shop/dogs/dry_dog_food/trainernatural/1949163?activeVariant=1949163.0
nova_foods_natural_trainer|natural_trainer_sensitive_adult_medium/maxi_with_egg|dry,Sensitive Adult Medium/Maxi with egg,https://www.zooplus.com/shop/dogs/dry_dog_food/trainernatural/1949153?activeVariant=1949153.0
nova_foods_natural_trainer|natural_trainer_sensitive_mature_medium_&_maxi_with_salmon|dry,Sensitive Mature Medium & Maxi with salmon,https://www.zooplus.com/shop/dogs/dry_dog_food/trainernatural/2022252?activeVariant=2022252.0
nutriplus|nutriplus_adult_dog_with_lamb|dry,Adult Dog with Lamb,https://www.zooplus.com/shop/dogs/dry_dog_food/nutriplus/2122284?activeVariant=2122284.1
bugbell|bugbellenergywonder|dry,BugBell Energy Wonder,https://www.zooplus.com/shop/dogs/dry_dog_food/bugbell/2220539?activeVariant=2220539.1
bugbell|bugbellhappymood|dry,BugBell Happy Mood,https://www.zooplus.com/shop/dogs/dry_dog_food/bugbell/2220470?activeVariant=2220470.3
bugbell|bugbellhappymood_v2|dry,BugBell Happy Mood (Variant 2),https://www.zooplus.com/shop/dogs/dry_dog_food/bugbell/2220470?activeVariant=2220470.2
pedigree|pedigree_adult_poultry_&_vegetables|dry,Adult Poultry & Vegetables,https://www.zooplus.com/shop/dogs/dry_dog_food/pedigree/pedigree_adult/1975337?activeVariant=1975337.2
pedigree|pedigree_adult_with_beef_&_vegetables|dry,Adult with Beef & Vegetables,https://www.zooplus.com/shop/dogs/dry_dog_food/pedigree/pedigree_adult/598115?activeVariant=598115.6
pedigree|pedigree_adult_with_fish_&_vegetables|dry,Adult with Fish & Vegetables,https://www.zooplus.com/shop/dogs/dry_dog_food/pedigree/pedigree_adult/1976205?activeVariant=1976205.0
pedigree|pedigree_junior_poultry_&_vegetables|dry,Junior Poultry & Vegetables,https://www.zooplus.com/shop/dogs/dry_dog_food/pedigree/pedigree_puppy/1975418?activeVariant=1975418.1
pedigree|pedigree_professional_nutrition_adult_beef_&_vegetables|dry,Professional Nutrition Adult Beef & Vegetables,https://www.zooplus.com/shop/dogs/dry_dog_food/pedigree/pedigree_adult/1963723?activeVariant=1963723.0
perfect_fit|perfect_fit_junior_<1_small_dogs_(<10kg)|dry,Junior <1 Small Dogs (<10kg),https://www.zooplus.com/shop/dogs/dry_dog_food/perfect_fit/junior/1391608?activeVariant=1391608.1
purina_dog_chow|purina_dog_chow_adult_light_turkey|dry,Adult Light Turkey,https://www.zooplus.com/shop/dogs/dry_dog_food/beta_dry_dog_food/adult/603087?activeVariant=603087.9
purina_dog_chow|purina_dog_chow_large_breed_turkey|dry,Large Breed Turkey,https://www.zooplus.com/shop/dogs/dry_dog_food/beta_dry_dog_food/adult/603109?activeVariant=603109.10
purina_dog_chow|purina_dog_chow_mature_senior_chicken|dry,Mature Senior Chicken,https://www.zooplus.com/shop/dogs/dry_dog_food/beta_dry_dog_food/senior/1971170?activeVariant=1971170.0
purina_one|purina_one_mini_weight_control/sterilised_turkey_&_rice|dry,Mini Weight Control/Sterilised Turkey & Rice,https://www.zooplus.com/shop/dogs/dry_dog_food/purina_one/adult/1374726?activeVariant=1374726.1
advanceveterinarydiets|advanceveterinarydietshypoallergenic|dry,Advance Veterinary Diets Hypoallergenic,https://www.zooplus.com/shop/dogs/dry_dog_food/advance_vet_diets/1949491?activeVariant=1949491.2
purina_dog_chow|purina_dog_chow_puppy_lamb|dry,Puppy Lamb,https://www.zooplus.com/shop/dogs/dry_dog_food/beta_dry_dog_food/puppy/603113?activeVariant=603113.9
purina_one|purina_one_mini_adult_beef_&_rice|dry,Mini Adult Beef & Rice,https://www.zooplus.com/shop/dogs/dry_dog_food/purina_one/adult/1374517?activeVariant=1374517.3
pro-plan|pro_plan_mobility_dog_supplement_powder|dry,Mobility Dog Supplement Powder,https://www.zooplus.com/shop/dogs/supplements_specialty_food/purina/1379151?activeVariant=1379151.1
pro-plan|purina_pro_plan_senior_medium_&_large_adult_7+_sensitive_skin|dry,PURINA PRO PLAN Senior Medium & Large Adult 7+ Sensitive Skin,https://www.zooplus.com/shop/dogs/dry_dog_food/purina_pro_plan/senior/185481?activeVariant=185481.7
fitmin|fitminprogrammediumperformance|dry,Fitmin Program Medium Performance,https://www.zooplus.com/shop/dogs/dry_dog_food/fitmin/2174426?activeVariant=2174426.0
pro-plan|purina_pro_plan_medium_puppy_sensitive_skin|dry,PURINA PRO PLAN Medium Puppy Sensitive Skin,https://www.zooplus.com/shop/dogs/dry_dog_food/purina_pro_plan/puppy_junior/128293?activeVariant=128293.8
purizon|purizon_grain-free_80:20:0_economy_pack|dry,Grain-Free 80:20:0 Economy Pack,https://www.zooplus.com/shop/dogs/dry_dog_food/purizon/eco_packs/1007067?activeVariant=1007067.12
purizon|purizon_puppy_black_angus_with_turkey|dry,Puppy Black Angus with Turkey,https://www.zooplus.com/shop/dogs/dry_dog_food/purizon/puppy_grainfree/2124337?activeVariant=2124337.2
purizon|purizon_duck_with_beef_adult_-_grain-free|dry,Duck with Beef Adult - Grain-Free,https://www.zooplus.com/shop/dogs/dry_dog_food/purizon/purizon_grainfree/2124346?activeVariant=2124346.0
purizon|purizon_single_meat_adult_dog_–_grain-free_duck_with_lavender_blossoms|dry,Single Meat Adult Dog – Grain-Free Duck with Lavender Blossoms,https://www.zooplus.com/shop/dogs/dry_dog_food/purizon/single_meat/557272?activeVariant=557272.7
rocco|rocco_diet_care_economy_pack|dry,Diet Care Economy Pack,https://www.zooplus.com/shop/dogs/dry_dog_food/rocco/rocco_diet_care_dry_dog_food/1948014?activeVariant=1948014.1
rocco|rocco_diet_care_hepatic_-_chicken_with_oatmeal_&_cottage_cheese|wet,Diet Care Hepatic - Chicken with Oatmeal & Cottage Cheese,https://www.zooplus.com/shop/dogs/canned_dog_food/rocco/rocco_diet_care/2152571?activeVariant=2152571.0
bozita|bozitaroburpuppyjuniorchicken_v3|dry,Bozita Robur Puppy & Junior Chicken (Variant 3),https://www.zooplus.com/shop/dogs/dry_dog_food/bozita/bozita_robur_dog_food/2311868?activeVariant=2311868.1
rocco|rocco_flake_mix|dry,Flake Mix,https://www.zooplus.com/shop/dogs/dry_dog_food/rocco/flake_mix/682216?activeVariant=682216.0
purizon|purizon_single_meat_adult_dog_-_grain-free_beef_with_hibiscus_blossoms|dry,Single Meat Adult Dog - Grain-Free Beef with Hibiscus Blossoms,https://www.zooplus.com/shop/dogs/dry_dog_food/purizon/single_meat/2124227?activeVariant=2124227.2
happydognaturcroq|happydognaturcroqbalance|dry,Happy Dog NaturCroq Balance,https://www.zooplus.com/shop/dogs/dry_dog_food/happy_dog_medium/happy_dog_natur_croq/1948963?activeVariant=1948963.1
royal-canin|royal_canin_boxer_adult|dry,Boxer Adult,https://www.zooplus.com/shop/dogs/dry_dog_food/royal_canin_breed/boxer/128305
royal-canin|royal_canin_pomeranian_adult|dry,Pomeranian Adult,https://www.zooplus.com/shop/dogs/dry_dog_food/royal_canin_breed/pomeranian/1000035?activeVariant=1000035.0
royal-canin|royal_canin_maxi_sterilised|dry,Maxi Sterilised,https://www.zooplus.com/shop/dogs/dry_dog_food/royal_canin_care_nutrition/296056?activeVariant=296056.8
royal-canin|royal_canin_mini_urinary_care|dry,Mini Urinary Care,https://www.zooplus.com/shop/dogs/dry_dog_food/royal_canin_care_nutrition/961788?activeVariant=961788.0
royal-canin|royal_canin_relax_care_mini|dry,Relax Care Mini,https://www.zooplus.com/shop/dogs/dry_dog_food/royal_canin_care_nutrition/2145791?activeVariant=2145791.1
royal-canin|royal_canin_medium_relax_care|dry,Medium Relax Care,https://www.zooplus.com/shop/dogs/dry_dog_food/royal_canin_care_nutrition/2026823?activeVariant=2026823.0
happydogsupreme|happydogsensibleminicanada|dry,Happy Dog Sensible Mini Canada,https://www.zooplus.com/shop/dogs/dry_dog_food/happy_dog/1949013?activeVariant=1949013.0
royal-canin|royal_canin_medium_sterilised|dry,Medium Sterilised,https://www.zooplus.com/shop/dogs/dry_dog_food/royal_canin_care_nutrition/296052?activeVariant=296052.8
royal-canin|royal_canin_mini_light_weight_care|dry,Mini Light Weight Care,https://www.zooplus.com/shop/dogs/dry_dog_food/royal_canin_care_nutrition/128326?activeVariant=128326.9
royal-canin|royal_canin_mini_sterilised|dry,Mini Sterilised,https://www.zooplus.com/shop/dogs/dry_dog_food/royal_canin_care_nutrition/332633?activeVariant=332633.17
royal-canin|royal_canin_medium_puppy|dry,Medium Puppy,https://www.zooplus.com/shop/dogs/dry_dog_food/royal_canin_size/medium/128330?activeVariant=128330.14
royal-canin|royal_canin_mini_starter_mother_&_babydog|dry,Mini Starter Mother & Babydog,https://www.zooplus.com/shop/dogs/dry_dog_food/royal_canin_size/mini/207580
royal-canin|royal_canin_x-small_adult|dry,X-Small Adult,https://www.zooplus.com/shop/dogs/dry_dog_food/royal_canin_size/royal_canin_x_small/262240?activeVariant=262240.16
smølke|smølke_dog_weight_control|dry,Dog Weight Control,https://www.zooplus.com/shop/dogs/dry_dog_food/smolke/1584510?activeVariant=1584510.0
calibra|calibralifeseniorlargebreedfreshbeef|dry,Calibra Life Senior Large Breed Fresh Beef,https://www.zooplus.com/shop/dogs/dry_dog_food/calibra/1947655?activeVariant=1947655.1
royal-canin|royal_canin_cavalier_king_charles_puppy|dry,Cavalier King Charles Puppy,https://www.zooplus.com/shop/dogs/dry_dog_food/royal_canin_breed/cavalier_king_charles/399069?activeVariant=399069.5
dogsntiger|dogsntigeradultfishermanfritzsalmonherring_v2|dry,Dogs'n Tiger Adult Fisherman Fritz Salmon & Herring (Variant 2),https://www.zooplus.com/shop/dogs/dry_dog_food/dogsn_tiger/2189053?activeVariant=2189053.2
bugbell|bugbellmagicrelax_v3|dry,BugBell Magic Relax (Variant 3),https://www.zooplus.com/shop/dogs/dry_dog_food/bugbell/2220822?activeVariant=2220822.0
royal-canin|royal_canin_medium_light_weight_care|dry,Medium Light Weight Care,https://www.zooplus.com/shop/dogs/dry_dog_food/royal_canin_care_nutrition/128334?activeVariant=128334.14
royal-canin|royal_canin_babydog_milk|dry,Babydog Milk,https://www.zooplus.com/shop/dogs/dry_dog_food/royal_canin_size/special_care/128353?activeVariant=128353.7
happydognaturcroq|happydognaturcroqbalance_v2|dry,Happy Dog NaturCroq Balance (Variant 2),https://www.zooplus.com/shop/dogs/dry_dog_food/happy_dog_medium/happy_dog_natur_croq/1948963?activeVariant=1948963.0
schesir|schesir_dog_small_adult_with_ham|dry,Dog Small Adult with Ham,https://www.zooplus.com/shop/dogs/dry_dog_food/schesir/2111466?activeVariant=2111466.1
schesir|schesir_dog_small_adult_with_lamb|dry,Dog Small Adult with Lamb,https://www.zooplus.com/shop/dogs/dry_dog_food/schesir/2117371?activeVariant=2117371.0
schesir|schesir_dog_medium_puppy_with_chicken|dry,Dog Medium Puppy with Chicken,https://www.zooplus.com/shop/dogs/dry_dog_food/schesir/2115996?activeVariant=2115996.2
simpsons_premium|simpson_premium_sensitive_adult_salmon_&_potato_dry_dog_food|dry,Simpson Premium Sensitive Adult Salmon & Potato Dry Dog Food,https://www.zooplus.com/shop/dogs/dry_dog_food/simpsons_premium/sensitive/538327?activeVariant=538327.1
doggydog|doggydogsensitivewithlamb|dry,Doggy Dog Sensitive with Lamb,https://www.zooplus.com/shop/dogs/dry_dog_food/doggy_dog/2157448
doggydog|doggydogadultbeef|dry,Doggy Dog Adult Beef,https://www.zooplus.com/shop/dogs/dry_dog_food/doggy_dog/2158353
pedigree|pedigreeadultwithfishvegetables|dry,Pedigree Adult with Fish & Vegetables,https://www.zooplus.com/shop/dogs/dry_dog_food/pedigree/pedigree_adult/1976205?activeVariant=1976205.0
advanceveterinarydiets|advanceveterinarydietshypoallergenicmini|dry,Advance Veterinary Diets Hypoallergenic Mini,https://www.zooplus.com/shop/dogs/dry_dog_food/advance_vet_diets/2159368?activeVariant=2159368.1
taste_of_the_wild|taste_of_the_wild_-_sierra_mountain_canine|dry,- Sierra Mountain Canine,https://www.zooplus.com/shop/dogs/dry_dog_food/taste_of_the_wild/409304?activeVariant=409304.7
taste_of_the_wild|taste_of_the_wild_-_wetlands_canine|dry,- Wetlands Canine,https://www.zooplus.com/shop/dogs/dry_dog_food/taste_of_the_wild/231826?activeVariant=231826.9
taste_of_the_wild|taste_of_the_wild_dry_food_economy_packs|dry,Dry Food Economy Packs,https://www.zooplus.com/shop/dogs/dry_dog_food/taste_of_the_wild/ecopack/580296?activeVariant=580296.16
doggydog|doggydogsensitivewithlamb_v3|dry,Doggy Dog Sensitive with Lamb (Variant 3),https://www.zooplus.com/shop/dogs/dry_dog_food/doggy_dog/2157448?activeVariant=2157448.0
doggydog|doggydogadultpoultry|dry,Doggy Dog Adult Poultry,https://www.zooplus.com/shop/dogs/dry_dog_food/doggy_dog/2158374?activeVariant=2158374.3
tropidog|tropidog_premium_adult_medium_&_large_salmon|dry,Premium Adult Medium & Large Salmon,https://www.zooplus.com/shop/dogs/dry_dog_food/tropidog/adult/1912754?activeVariant=1912754.0
tropidog|tropidog_premium_adult_small_salmon|dry,Premium Adult Small Salmon,https://www.zooplus.com/shop/dogs/dry_dog_food/tropidog/adult/1913041?activeVariant=1913041.1
tropidog|tropidog_premium_junior_large_turkey_&_rice|dry,Premium Junior Large Turkey & Rice,https://www.zooplus.com/shop/dogs/dry_dog_food/tropidog/1912864?activeVariant=1912864.1
tropidog|tropidog_premium_junior_small_&_medium_turkey_&_rice|dry,Premium Junior Small & Medium Turkey & Rice,https://www.zooplus.com/shop/dogs/dry_dog_food/tropidog/1912798
virbac_vetcomplex|virbac_veterinary_hpm_dog_weight_loss_&_control_w2|dry,Veterinary HPM Dog Weight Loss & Control W2,https://www.zooplus.com/shop/dogs/dry_dog_food/virbac_dog_food/1583134?activeVariant=1583134.0
fitactive|fitactivenexthypoallergenicmonobeefwithcranberries|dry,FitActive Next Hypoallergenic Mono Beef with Cranberries,https://www.zooplus.com/shop/dogs/dry_dog_food/fitactive/adult/2178123?activeVariant=2178123.1
bugbell|bugbellenergywonder_v4|dry,BugBell Energy Wonder (Variant 4),https://www.zooplus.com/shop/dogs/dry_dog_food/bugbell/2220539?activeVariant=2220539.3
"wolf-of-wilderness|wolf_of_wilderness_""elements""_mixed_trial_pack|dry","""Elements"" Mixed Trial Pack",https://www.zooplus.com/shop/dogs/dry_dog_food/wolf_of_wilderness/trial_pack/762003?activeVariant=762003.0
"wolf-of-wilderness|wolf_of_wilderness_""explore_the_endless_terrain""_-_mobility|dry","""Explore The Endless Terrain"" - Mobility",https://www.zooplus.com/shop/dogs/dry_dog_food/wolf_of_wilderness/wow_explore_dry_dog_food/1090251?activeVariant=1090251.2
"wolf-of-wilderness|wolf_of_wilderness_""explore_the_vast_forests""_-_weight_management|dry","""Explore The Vast Forests"" - Weight Management",https://www.zooplus.com/shop/dogs/dry_dog_food/wolf_of_wilderness/wow_explore_dry_dog_food/1090058?activeVariant=1090058.4
"wolf-of-wilderness|wolf_of_wilderness_adult_""green_fields""_-_lamb|dry","Adult ""Green Fields"" - Lamb",https://www.zooplus.com/shop/dogs/dry_dog_food/wolf_of_wilderness/206814/497278
"wolf-of-wilderness|wolf_of_wilderness_adult_""oak_woods""_–_wild_boar|dry","Adult ""Oak Woods"" – Wild Boar",https://www.zooplus.com/shop/dogs/dry_dog_food/wolf_of_wilderness/206814/637058?activeVariant=637058.0
happydogsupreme|happydogsupremesensiblecanada|dry,Happy Dog Supreme Sensible Canada,https://www.zooplus.com/shop/dogs/dry_dog_food/happy_dog/supreme/491528?activeVariant=491528.5
"wolf-of-wilderness|wolf_of_wilderness_adult_""deep_seas""_-_herring|dry","Adult ""Deep Seas"" - Herring",https://www.zooplus.com/shop/dogs/dry_dog_food/wolf_of_wilderness/206814/792924
"wolf-of-wilderness|wolf_of_wilderness_""velvet_gloom""_-_turkey_&_trout_-_grain-free|dry","""Velvet Gloom"" - Turkey & Trout - Grain-free",https://www.zooplus.com/shop/dogs/dry_dog_food/wolf_of_wilderness/206814/1665014?activeVariant=1665014.1
"wolf-of-wilderness|wolf_of_wilderness_adult_""crimson_sunset""_-_lamb_&_goat|dry","Adult ""Crimson Sunset"" - Lamb & Goat",https://www.zooplus.com/shop/dogs/dry_dog_food/wolf_of_wilderness/206814/962585?activeVariant=962585.3
"wolf-of-wilderness|wolf_of_wilderness_adult_""great_desert""_-_turkey|dry","Adult ""Great Desert"" - Turkey",https://www.zooplus.com/shop/dogs/dry_dog_food/wolf_of_wilderness/206814/793287?activeVariant=793287.3
"wolf-of-wilderness|wolf_of_wilderness_adult_""wild_hills""_-_duck|dry","Adult ""Wild Hills"" - Duck",https://www.zooplus.com/shop/dogs/dry_dog_food/wolf_of_wilderness/206814/497279?activeVariant=497279.1
wolf-of-wilderness|wolf_of_wilderness_adult|wet,Adult,https://www.zooplus.com/shop/dogs/canned_dog_food/wolf_of_wilderness/wolf_of_wilderness_red/1959071?activeVariant=1959071.1
wolf-of-wilderness|wolf_of_wilderness_adult_single_protein_mixed_packs|wet,Adult Single Protein Mixed Packs,https://www.zooplus.com/shop/dogs/canned_dog_food/wolf_of_wilderness/206790/497196
wolf-of-wilderness|wolf_of_wilderness_junior_'wild_hills'_-_duck|dry,Junior 'Wild Hills' - Duck,https://www.zooplus.com/shop/dogs/dry_dog_food/wolf_of_wilderness/junior/575043?activeVariant=575043.7
"wolf-of-wilderness|wolf_of_wilderness_senior_""green_fields""_lamb_-_grain-free|dry","Senior ""Green Fields"" Lamb - Grain-Free",https://www.zooplus.com/shop/dogs/dry_dog_food/wolf_of_wilderness/wolf_of_wilderness_senior/651110?activeVariant=651110.4
happydogsupreme|happydogsupremesensibleafrica|dry,Happy Dog Supreme Sensible Africa,https://www.zooplus.com/shop/dogs/dry_dog_food/happy_dog/supreme/138735?activeVariant=138735.1
"wolf-of-wilderness|wolf_of_wilderness_junior_""ruby_midnight""_-_beef_&_rabbit|dry","Junior ""Ruby Midnight"" - Beef & Rabbit",https://www.zooplus.com/shop/dogs/dry_dog_food/wolf_of_wilderness/junior/2167726?activeVariant=2167726.2
wolf-of-wilderness|wolf_of_wilderness_soft_mixed_pack|dry,Soft Mixed Pack,https://www.zooplus.com/shop/dogs/dry_dog_food/wolf_of_wilderness/trial_pack/684604?activeVariant=684604.1
yarrah_organic|yarrah_organic_puppy|dry,Puppy,https://www.zooplus.com/shop/dogs/dry_dog_food/yarrah/1208813?activeVariant=1208813.0
happydognaturcroq|happydogpremiumnaturcroqclassicflakes|dry,Happy Dog Premium NaturCroq Classic Flakes,https://www.zooplus.com/shop/dogs/dry_dog_food/happy_dog_medium/happy_dog_natur_croq/1480414?activeVariant=1480414.0
josera|josidogactivechicken|dry,JosiDog Active Chicken,https://www.zooplus.com/shop/dogs/dry_dog_food/josera/2168198?activeVariant=2168198.0
proplan|purinaproplanlargeathleticpuppyhealthystart|dry,PURINA PRO PLAN Large Athletic Puppy Healthy Start,https://www.zooplus.com/shop/dogs/dry_dog_food/purina_pro_plan/puppy_lrge_breed/128298?activeVariant=128298.10
ultima|ultimanaturemediummaxiadultchicken|dry,Ultima Nature Medium/Maxi Adult - Chicken,https://www.zooplus.com/shop/dogs/dry_dog_food/ultima/1392394?activeVariant=1392394.1
happydogsupreme|happydogsupremesensiblecanada_v2|dry,Happy Dog Supreme Sensible Canada (Variant 2),https://www.zooplus.com/shop/dogs/dry_dog_food/happy_dog/supreme/491528?activeVariant=491528.6
bosch|bosch_adult_dry_dog_food_mixed_trial_pack|dry,Adult Dry Dog Food Mixed Trial Pack,https://www.zooplus.com/shop/dogs/dry_dog_food/bosch/bosch_adult/347125?activeVariant=347125.1
hill's_prescription_diet|hill's_prescription_diet_c/d_multicare_urinary_care_with_chicken|dry,c/d Multicare Urinary Care with chicken,https://www.zooplus.com/shop/dogs/dry_dog_food/hills_prescription/1949024?activeVariant=1949024.0
belcando|belcandoseniorsensitive|dry,Belcando Senior Sensitive,https://www.zooplus.com/shop/dogs/dry_dog_food/belcando/senior/681809?activeVariant=681809.4
hill's_prescription_diet|hill’s_prescription_diet_canine_c/d_urinary_care_stew_-_chicken|wet,Hill’s Prescription Diet Canine c/d Urinary Care Stew - Chicken,https://www.zooplus.com/shop/dogs/canned_dog_food/hills_prescription_diet/urinary/759426?activeVariant=759426.0
hill's_prescription_diet|hill’s_prescription_diet_canine_l/d_liver_care|dry,Hill’s Prescription Diet Canine l/d Liver Care,https://www.zooplus.com/shop/dogs/dry_dog_food/hills_prescription/hepatic/631586?activeVariant=631586.5
hill's_prescription_diet|hill’s_prescription_diet_canine_k/d_kidney_care_stew_-_chicken|wet,Hill’s Prescription Diet Canine k/d Kidney Care Stew - Chicken,https://www.zooplus.com/shop/dogs/canned_dog_food/hills_prescription_diet/kidneys/759338?activeVariant=759338.1
hill's_prescription_diet|hill's_prescription_diet_canine_u/d_urinary_care|wet,Canine u/d Urinary Care,https://www.zooplus.com/shop/dogs/canned_dog_food/hills_prescription_diet/urinary/469785?activeVariant=469785.3
happydogsupreme|happydogsensibleminifrance|dry,Happy Dog Sensible Mini France,https://www.zooplus.com/shop/dogs/dry_dog_food/happy_dog/1949014?activeVariant=1949014.0
doggydog|doggydogadultbeef_v2|dry,Doggy Dog Adult Beef (Variant 2),https://www.zooplus.com/shop/dogs/dry_dog_food/doggy_dog/2158353?activeVariant=2158353.0
royal-canin|royal_canin_expert_-_neutered_junior_medium_dog|dry,Expert - Neutered Junior Medium Dog,https://www.zooplus.com/shop/dogs/dry_dog_food/royal_canin_vet_diet/2137881?activeVariant=2137881.1
royal-canin|royal_canin_expert_canine_neutered_adult_large_dog|dry,Expert Canine Neutered Adult Large Dog,https://www.zooplus.com/shop/dogs/dry_dog_food/royal_canin_vet_diet/1949350?activeVariant=1949350.0
royal-canin|royal_canin_expert_mature_consult_medium_dog|dry,Expert Mature Consult Medium Dog,https://www.zooplus.com/shop/dogs/dry_dog_food/royal_canin_vet_diet/2145842?activeVariant=2145842.0
royal-canin|royal_canin_relax_care_maxi|dry,Relax Care Maxi,https://www.zooplus.com/shop/dogs/dry_dog_food/royal_canin_vet_diet/2145935?activeVariant=2145935.1
royal-canin|royal_canin_veterinary_canine_gastrointestinal_high_fibre|dry,Veterinary Canine Gastrointestinal High Fibre,https://www.zooplus.com/shop/dogs/dry_dog_food/royal_canin_vet_diet/570107?activeVariant=570107.6
royal-canin|royal_canin_veterinary_canine_hypoallergenic_moderate_calorie|dry,Veterinary Canine Hypoallergenic Moderate Calorie,https://www.zooplus.com/shop/dogs/dry_dog_food/royal_canin_vet_diet/567855?activeVariant=567855.4
royal-canin|royal_canin_veterinary_canine_hypoallergenic|dry,Veterinary Canine Hypoallergenic,https://www.zooplus.com/shop/dogs/dry_dog_food/royal_canin_vet_diet/313823?activeVariant=313823.5
royal-canin|royal_canin_veterinary_canine_hypoallergenic_small_dog|dry,Veterinary Canine Hypoallergenic Small Dog,https://www.zooplus.com/shop/dogs/dry_dog_food/royal_canin_vet_diet/567854?activeVariant=567854.3
royal-canin|royal_canin_veterinary_canine_sensitivity_control|dry,Veterinary Canine Sensitivity Control,https://www.zooplus.com/shop/dogs/dry_dog_food/royal_canin_vet_diet/398089?activeVariant=398089.5
royal-canin|royal_canin_veterinary_dog_-_diabetic_ds_37|dry,Veterinary Dog - Diabetic DS 37,https://www.zooplus.com/shop/dogs/dry_dog_food/royal_canin_vet_diet/471475?activeVariant=471475.1
royal-canin|royal_canin_veterinary_canine_skin_care|dry,Veterinary Canine Skin Care,https://www.zooplus.com/shop/dogs/dry_dog_food/royal_canin_vet_diet/570260?activeVariant=570260.5
royal-canin|royal_canin_veterinary_dog_-_mobility_support|dry,Veterinary Dog - Mobility Support,https://www.zooplus.com/shop/dogs/dry_dog_food/royal_canin_vet_diet/313820?activeVariant=313820.7
royal-canin|royal_canin_veterinary_dog_-_urinary_s/o_small_dog|dry,Veterinary Dog - Urinary S/O Small Dog,https://www.zooplus.com/shop/dogs/dry_dog_food/royal_canin_vet_diet/756861?activeVariant=756861.1
royal-canin|royal_canin_veterinary_dog_-_urinary_u/c_low_purine|dry,Veterinary Dog - Urinary U/C Low Purine,https://www.zooplus.com/shop/dogs/dry_dog_food/royal_canin_vet_diet/567851?activeVariant=567851.1
royal-canin|royal_canin_veterinary_dog_-_urinary_s/o_lp_18|dry,Veterinary Dog - Urinary S/O LP 18,https://www.zooplus.com/shop/dogs/dry_dog_food/royal_canin_vet_diet/313825?activeVariant=313825.2
royal-canin|royal_canin_veterinary_dog_–_renal_select|dry,Veterinary Dog – Renal Select,https://www.zooplus.com/shop/dogs/dry_dog_food/royal_canin_vet_diet/965816?activeVariant=965816.0
royal-canin|royal_canin_veterinary_dog_–_renal_small_dog|dry,Veterinary Dog – Renal Small Dog,https://www.zooplus.com/shop/dogs/dry_dog_food/royal_canin_vet_diet/965818?activeVariant=965818.1
hill's_science_plan|hill's_science_plan_adult_1+_healthy_mobility_medium_with_chicken|dry,Adult 1+ Healthy Mobility Medium with Chicken,https://www.zooplus.com/shop/dogs/dry_dog_food/hills_science_plan/special_care/160049?activeVariant=160049.3
hill's_science_plan|hill's_science_plan_adult_1+_hypoallergenic_large_breed_salmon|dry,Adult 1+ Hypoallergenic Large Breed Salmon,https://www.zooplus.com/shop/dogs/dry_dog_food/hills_science_plan/special_care/1766803?activeVariant=1766803.1
hill's_science_plan|hill's_science_plan_adult_1+_hypoallergenic_medium_salmon|dry,Adult 1+ Hypoallergenic Medium Salmon,https://www.zooplus.com/shop/dogs/dry_dog_food/hills_science_plan/special_care/1766895?activeVariant=1766895.2
hill's_science_plan|hill's_science_plan_adult_1+_hypoallergenic_small_&_mini_salmon|dry,Adult 1+ Hypoallergenic Small & Mini Salmon,https://www.zooplus.com/shop/dogs/dry_dog_food/hills_science_plan/special_care/1764809?activeVariant=1764809.1
hill's_science_plan|hill's_science_plan_adult_1+_perfect_digestion_medium_breed_with_chicken|dry,Adult 1+ Perfect Digestion Medium Breed with Chicken,https://www.zooplus.com/shop/dogs/dry_dog_food/hills_science_plan/adult/1093076
smølke|smølke_dog_adult_medium|dry,Dog Adult Medium,https://www.zooplus.com/shop/dogs/dry_dog_food/smolke/1584405?activeVariant=1584405.0
fitactive|fitactivenexthypoallergenicmonobeefwithcranberries_v2|dry,FitActive Next Hypoallergenic Mono Beef with Cranberries (Variant 2),https://www.zooplus.com/shop/dogs/dry_dog_food/fitactive/adult/2178123?activeVariant=2178123.0
schesir|schesirdogmediumadultwithfish|dry,Schesir Dog Medium Adult with Fish,https://www.zooplus.com/shop/dogs/dry_dog_food/schesir/2111757?activeVariant=2111757.0
hill's_science_plan|hill’s_science_plan_mature_adult_7+_medium_with_chicken|dry,Hill’s Science Plan Mature Adult 7+ Medium with Chicken,https://www.zooplus.com/shop/dogs/dry_dog_food/hills_science_plan/senior/128159?activeVariant=128159.11
hill's_science_plan|hill’s_science_plan_mature_adult_7+_medium_with_lamb_&_rice|dry,Hill’s Science Plan Mature Adult 7+ Medium with Lamb & Rice,https://www.zooplus.com/shop/dogs/dry_dog_food/hills_science_plan/senior/128163?activeVariant=128163.7
schesir|schesirdogmediumadultwithham|dry,Schesir Dog Medium Adult with Ham,https://www.zooplus.com/shop/dogs/dry_dog_food/schesir/2115520
hill's_science_plan|hill’s_science_plan_puppy_large_breed_perfect_digestion|dry,Hill’s Science Plan Puppy Large Breed Perfect Digestion,https://www.zooplus.com/shop/dogs/dry_dog_food/hills_science_plan/puppy_junior/1386786?activeVariant=1386786.0
hill's_science_plan|hill’s_science_plan_small_&_mini_puppy_perfect_digestion|dry,Hill’s Science Plan Small & Mini Puppy Perfect Digestion,https://www.zooplus.com/shop/dogs/dry_dog_food/hills_science_plan/puppy_junior/1371985?activeVariant=1371985.2
hill's_science_plan|hill`s_science_plan_puppy_small_&_mini_lamb_&_rice|dry,Hill`s Science Plan Puppy Small & Mini Lamb & Rice,https://www.zooplus.com/shop/dogs/dry_dog_food/hills_science_plan/puppy_junior/2382911?activeVariant=2382911.2
hill's_science_plan|hill's_science_plan_puppy_<1|wet,Puppy <1,https://www.zooplus.com/shop/dogs/canned_dog_food/hills_science_plan/128627?activeVariant=128627.6
farmina_n&d|farmina_dog_low_grain_chicken_&_pomegrante_adult_medium_dog|dry,Dog Low Grain Chicken & Pomegrante Adult Medium Dog,https://www.zooplus.com/shop/dogs/dry_dog_food/farmina/ancestral_grain/1584215?activeVariant=1584215.0
farmina_n&d|farmina_n&d_ancestral_grain_adult_medium_&_maxi_with_lamb_&_blueberry|dry,Ancestral Grain Adult Medium & Maxi with Lamb & Blueberry,https://www.zooplus.com/shop/dogs/dry_dog_food/farmina/ancestral_grain/1584193?activeVariant=1584193.0
farmina_n&d|farmina_n&d_ancestral_grain_mini_lamb_&_blueberries|dry,Ancestral Grain Mini Lamb & Blueberries,https://www.zooplus.com/shop/dogs/dry_dog_food/farmina/ancestral_grain/1949834?activeVariant=1949834.0
farmina_n&d|farmina_n&d_dog_adult_medium/maxi_white_seabass_-_fennel_&_spirulina|dry,Dog Adult Medium/Maxi White Seabass - Fennel & Spirulina,https://www.zooplus.com/shop/dogs/dry_dog_food/farmina/brown/2276057?activeVariant=2276057.0
"farmina_n&d|farmina_n&d_grain_free_ocean_cod,_pumpkin_&_orange_medium_&_maxi|dry","Grain Free Ocean Cod, Pumpkin & Orange Medium & Maxi",https://www.zooplus.com/shop/dogs/dry_dog_food/farmina/ocean/1584191?activeVariant=1584191.0
farmina_n&d|farmina_n&d_grain_free_pumpkin_adult_medium_&_maxi_with_boar_&_apple|dry,Grain Free Pumpkin Adult Medium & Maxi with Boar & Apple,https://www.zooplus.com/shop/dogs/dry_dog_food/farmina/pumpkin/1584188?activeVariant=1584188.0
schesir|schesirdogtoyadultwithchicken|dry,Schesir Dog Toy Adult with Chicken,https://www.zooplus.com/shop/dogs/dry_dog_food/schesir/2111807?activeVariant=2111807.1
farmina_n&d|farmina_n&d_grain_free_pumpkin_adult_medium_&_maxi_with_lamb_&_blueberry|dry,Grain Free Pumpkin Adult Medium & Maxi with Lamb & Blueberry,https://www.zooplus.com/shop/dogs/dry_dog_food/farmina/pumpkin/1584189?activeVariant=1584189.0
farmina_n&d|farmina_n&d_low_grain_mini_chicken_&_pomegranate|dry,Low Grain Mini Chicken & Pomegranate,https://www.zooplus.com/shop/dogs/dry_dog_food/farmina/ancestral_grain/1949692?activeVariant=1949692.0
"farmina_n&d|farmina_n&d_medium/maxi_pumpkin,_venison_&_apple|dry","Medium/Maxi Pumpkin, Venison & Apple",https://www.zooplus.com/shop/dogs/dry_dog_food/farmina/pumpkin/1584198?activeVariant=1584198.0
farmina_n&d|farmina_n&d_ocean_healthy_grains_cod_&_orange_adult_mini|dry,Ocean healthy grains Cod & Orange Adult Mini,https://www.zooplus.com/shop/dogs/dry_dog_food/farmina/ocean/1949791?activeVariant=1949791.0
"farmina_n&d|farmina_n&d_ocean_salmon,_cod_&_melon_medium_&_maxi|dry","Ocean Salmon, Cod & Melon Medium & Maxi",https://www.zooplus.com/shop/dogs/dry_dog_food/farmina/ocean/1949798?activeVariant=1949798.0
farmina_n&d|farmina_n&d_prime_canine_chicken_&_pomegranate_puppy_medium/maxi|dry,Prime Canine Chicken & Pomegranate Puppy Medium/Maxi,https://www.zooplus.com/shop/dogs/dry_dog_food/farmina/prime/1949799?activeVariant=1949799.0
farmina_n&d|farmina_n&d_prime_grain_free_adult_medium_&_maxi_with_lamb_&_blueberry|dry,Prime Grain Free Adult Medium & Maxi with Lamb & Blueberry,https://www.zooplus.com/shop/dogs/dry_dog_food/farmina/prime/1584180?activeVariant=1584180.0
farmina_n&d|farmina_n&d_prime_grain_free_adult_medium_with_chicken_&_pomegranate|dry,Prime Grain Free Adult Medium with Chicken & Pomegranate,https://www.zooplus.com/shop/dogs/dry_dog_food/farmina/prime/1584181?activeVariant=1584181.0
farmina_n&d|farmina_n&d_prime_grain_free_mini_lamb_&_blueberries|dry,Prime Grain Free Mini Lamb & Blueberries,https://www.zooplus.com/shop/dogs/dry_dog_food/farmina/prime/1949691?activeVariant=1949691.1
farmina_n&d|farmina_n&d_prime_wild_boar_and_apple|dry,Prime wild boar and apple,https://www.zooplus.com/shop/dogs/dry_dog_food/farmina/prime/1949842?activeVariant=1949842.0
farmina_n&d|farmina_n&d_pumpkin_adult_mini_with_lamb_and_blueberries|dry,Pumpkin Adult Mini with lamb and blueberries,https://www.zooplus.com/shop/dogs/dry_dog_food/farmina/pumpkin/1949843
farmina_n&d|farmina_vet_life_dog_diabetic|dry,Vet Life Dog Diabetic,https://www.zooplus.com/shop/dogs/dry_dog_food/farmina/vet_life/2258827?activeVariant=2258827.1
farmina_n&d|farmina_vet_life_dog_gastro-intestinal|dry,Vet Life Dog Gastro-Intestinal,https://www.zooplus.com/shop/dogs/dry_dog_food/farmina/vet_life/1948782?activeVariant=1948782.1
farmina_n&d|farmina_vet_life_dog_hepatic|dry,Vet Life Dog Hepatic,https://www.zooplus.com/shop/dogs/dry_dog_food/farmina/vet_life/2266934?activeVariant=2266934.1
farmina_n&d|farmina_vet_life_dog_hypoallergenic_with_fish_&_potato|dry,Vet Life Dog Hypoallergenic with fish & potato,https://www.zooplus.com/shop/dogs/dry_dog_food/farmina/vet_life/1948954?activeVariant=1948954.0
farmina_n&d|farmina_vet_life_dog_intestinal_ultracare_low_fat|dry,Vet Life Dog Intestinal UltraCare Low Fat,https://www.zooplus.com/shop/dogs/dry_dog_food/farmina/vet_life/2258849?activeVariant=2258849.1
farmina_n&d|farmina_vet_life_dog_obesity|dry,Vet Life Dog Obesity,https://www.zooplus.com/shop/dogs/dry_dog_food/farmina/vet_life/1948783
farmina_n&d|farmina_vet_life_dog_renal|dry,Vet Life Dog Renal,https://www.zooplus.com/shop/dogs/dry_dog_food/farmina/vet_life/2258867?activeVariant=2258867.0
farmina_n&d|farmina_vet_life_dog_ultrahypo|dry,Vet Life Dog Ultrahypo,https://www.zooplus.com/shop/dogs/dry_dog_food/farmina/vet_life/1948955?activeVariant=1948955.0
"farmina_n&d|n&d_brown_adult_mini_lamb,_carrot_&_spirulina|dry","Brown Adult Mini Lamb, Carrot & Spirulina",https://www.zooplus.com/shop/dogs/dry_dog_food/farmina/brown/2099121?activeVariant=2099121.1
farmina_n&d|n&d_prime_grain_free_mini_chicken_&_pomegranate|dry,Prime Grain Free Mini Chicken & Pomegranate,https://www.zooplus.com/shop/dogs/dry_dog_food/farmina/prime/1948091
farmina_n&d|n&d_spirulina_adult_medium/maxi_with_herring|dry,Spirulina Adult Medium/Maxi with Herring,https://www.zooplus.com/shop/dogs/dry_dog_food/farmina/spirulina/2099229?activeVariant=2099229.1
schesir|schesirdogsmalladultwithfish|dry,Schesir Dog Small Adult with Fish,https://www.zooplus.com/shop/dogs/dry_dog_food/schesir/2111645?activeVariant=2111645.0
smølke|smølke_dog_adult_grain_free|dry,Dog Adult Grain Free,https://www.zooplus.com/shop/dogs/dry_dog_food/smolke/1584513?activeVariant=1584513.0
smølke|smølke_dog_adult_maxi|dry,Dog Adult Maxi,https://www.zooplus.com/shop/dogs/dry_dog_food/smolke/1584512?activeVariant=1584512.0
"farmina_n&d|n&d_white_adult_mini_with_sea_bass,_fennel_&_spirulina|dry","White Adult Mini with Sea Bass, Fennel & Spirulina",https://www.zooplus.com/shop/dogs/dry_dog_food/farmina/brown/2099200?activeVariant=2099200.1
arion|arionoriginalsensitivelargebreedlamb_v2|dry,Arion Original Sensitive Large Breed Lamb (Variant 2),https://www.zooplus.com/shop/dogs/dry_dog_food/arion/adult/1947588?activeVariant=1947588.2
rosie's_farm|rosie's_farm_adult_economy_pack|dry,Adult Economy Pack,https://www.zooplus.com/shop/dogs/dry_dog_food/rosies_farm_dry/rosiesfarm_economy_packs/1115238?activeVariant=1115238.1
rosie's_farm|rosie's_farm_adult_mixed_trial_packs_-|wet,Adult Mixed Trial Packs -,https://www.zooplus.com/shop/dogs/canned_dog_food/rosies_farm/rosiesfarm_trial/780771?activeVariant=780771.0
novafoodsnaturaltrainer|naturaltrainersensitiveadultmediummaxiwithsalmon|dry,Natural Trainer Sensitive Adult Medium & Maxi with Salmon,https://www.zooplus.com/shop/dogs/dry_dog_food/trainernatural/1949154?activeVariant=1949154.3
schesir|schesirdogsmalladultwithlamb|dry,Schesir Dog Small Adult with Lamb,https://www.zooplus.com/shop/dogs/dry_dog_food/schesir/2117371?activeVariant=2117371.0
nature's_variety|nature's_variety_healthy_grains_adult_mini_white_fish|dry,Healthy Grains Adult Mini White Fish,https://www.zooplus.com/shop/dogs/dry_dog_food/naturesvariety/healthy_grains/2222496?activeVariant=2222496.0
royalcaninveterinaryexpert|royalcaninexpertneuteredjuniormediumdog_v2|dry,Royal Canin Expert - Neutered Junior Medium Dog (Variant 2),https://www.zooplus.com/shop/dogs/dry_dog_food/royal_canin_vet_diet/2137881?activeVariant=2137881.1
julius-k9|julius_k-9_adult_wild_boar_&_berry|dry,JULIUS K-9 Adult Wild Boar & Berry,https://www.zooplus.com/shop/dogs/dry_dog_food/julius_k9/adult/1996187?activeVariant=1996187.0
schesir|schesirdogsmalladultwithham|dry,Schesir Dog Small Adult with Ham,https://www.zooplus.com/shop/dogs/dry_dog_food/schesir/2111466?activeVariant=2111466.1
purina_pro_plan_veterinary_diets|purina_pro_plan_veterinary_diets_hp_hepatic|dry,HP Hepatic,https://www.zooplus.com/shop/dogs/dry_dog_food/purina_vet_diet/1444173?activeVariant=1444173.3
purina_pro_plan_veterinary_diets|purina_pro_plan_veterinary_diets_nf_renal_function|dry,NF Renal Function,https://www.zooplus.com/shop/dogs/dry_dog_food/purina_vet_diet/583022?activeVariant=583022.6
pan_mięsko|pan_mięsko_medium_veal_with_turkey|dry,Medium Veal with Turkey,https://www.zooplus.com/shop/dogs/dry_dog_food/pan_miesko/1931444?activeVariant=1931444.3
beneful|beneful_original_beef_&_vegetables|dry,Original Beef & Vegetables,https://www.zooplus.com/shop/dogs/dry_dog_food/beneful/1948765?activeVariant=1948765.0
schesir|schesirdogsmalladultwithlamb_v2|dry,Schesir Dog Small Adult with Lamb (Variant 2),https://www.zooplus.com/shop/dogs/dry_dog_food/schesir/2117371?activeVariant=2117371.1
forza10|forza10maintenancemediummaxipuppywithfish_v2|dry,Forza 10 Maintenance Medium/Maxi Puppy with Fish (Variant 2),https://www.zooplus.com/shop/dogs/dry_dog_food/forza10/maintenance/1947717?activeVariant=1947717.1
forza10|forza10maintenancemediummaxipuppywithfish_v3|dry,Forza 10 Maintenance Medium/Maxi Puppy with Fish (Variant 3),https://www.zooplus.com/shop/dogs/dry_dog_food/forza10/maintenance/1947717?activeVariant=1947717.2
schesir|schesirdogmediumpuppywithchicken|dry,Schesir Dog Medium Puppy with Chicken,https://www.zooplus.com/shop/dogs/dry_dog_food/schesir/2115996?activeVariant=2115996.2
brit|brit_premium_by_nature_junior_large_breed_with_chicken|dry,Premium by Nature Junior Large Breed with Chicken,https://www.zooplus.com/shop/dogs/dry_dog_food/brit/brit_premium/1949071
schesir|schesirdogmediumadultwithlamb_v2|dry,Schesir Dog Medium Adult with Lamb (Variant 2),https://www.zooplus.com/shop/dogs/dry_dog_food/schesir/2116595?activeVariant=2116595.0
calibra|calibra_dog_life_senior_medium_fresh_beef|dry,Dog Life Senior Medium Fresh Beef,https://www.zooplus.com/shop/dogs/dry_dog_food/calibra/1947491?activeVariant=1947491.0
calibra|calibra_life_junior_large_fresh_beef|dry,Life Junior Large Fresh Beef,https://www.zooplus.com/shop/dogs/dry_dog_food/calibra/1947553?activeVariant=1947553.0
forza10|forza10maintenanceallsizeadultfishrice|dry,Forza 10 Maintenance All Size Adult Fish & Rice,https://www.zooplus.com/shop/dogs/dry_dog_food/forza10/maintenance/1948048?activeVariant=1948048.3
lukullus|lukullus_classic_grain-free_chicken_&_salmon|dry,Classic Grain-Free Chicken & Salmon,https://www.zooplus.com/shop/dogs/dry_dog_food/lukullus/adult/2129494?activeVariant=2129494.0
carnilove|carnilove_puppy_large_breed_salmon_and_turkey|dry,Puppy Large Breed Salmon and Turkey,https://www.zooplus.com/shop/dogs/dry_dog_food/carnilove/1582442?activeVariant=1582442.1
concept_for_life_veterinary_diet|concept_for_life_veterinary_diet_dog_mobility|dry,Dog Mobility,https://www.zooplus.com/shop/dogs/dry_dog_food/concept_for_life_vet_dog_dry/mobility/820210?activeVariant=820210.7
concept_for_life_veterinary_diet|concept_for_life_veterinary_diet_economy_pack|dry,Economy Pack,https://www.zooplus.com/shop/dogs/dry_dog_food/concept_for_life_vet_dog_dry/economy_pack/820211?activeVariant=820211.9
arion|arionoriginalgrowthmediumbreedchicken_v2|dry,Arion Original Growth Medium Breed Chicken (Variant 2),https://www.zooplus.com/shop/dogs/dry_dog_food/arion/puppy/1948945?activeVariant=1948945.2
forza10|forza10mediummaintenancechickenpotato_v2|dry,Forza 10 Medium Maintenance Chicken & Potato (Variant 2),https://www.zooplus.com/shop/dogs/dry_dog_food/forza10/maintenance/1948051?activeVariant=1948051.2
forza10|forza10maintenancemaxiwithgamepotato_v2|dry,Forza10 Maintenance Maxi with Game & Potato (Variant 2),https://www.zooplus.com/shop/dogs/dry_dog_food/forza10/maintenance/1897101?activeVariant=1897101.2
forza10|forza10maintenancemaxiwithgamepotato_v3|dry,Forza10 Maintenance Maxi with Game & Potato (Variant 3),https://www.zooplus.com/shop/dogs/dry_dog_food/forza10/maintenance/1897101?activeVariant=1897101.3
eukanuba|eukanuba_daily_care_adult_sensitive_digestion|dry,Daily Care Adult Sensitive Digestion,https://www.zooplus.com/shop/dogs/dry_dog_food/eukanuba/eukanuba_special_care/128066?activeVariant=128066.12
eukanuba|eukanuba_grain_free_small_&_medium_breed_adult_-_chicken|dry,Grain Free Small & Medium Breed Adult - Chicken,https://www.zooplus.com/shop/dogs/dry_dog_food/eukanuba/adult/1387452?activeVariant=1387452.3
eukanuba|eukanuba_puppy_medium_breed_chicken|dry,Puppy Medium Breed Chicken,https://www.zooplus.com/shop/dogs/dry_dog_food/eukanuba/puppy_junior/128045?activeVariant=128045.15
purizon|purizon_adult_mini_black_angus_with_turkey_-_grain-free|dry,Adult Mini Black Angus with Turkey - Grain-Free,https://www.zooplus.com/shop/dogs/dry_dog_food/purizon/purizon_grainfree/2124463?activeVariant=2124463.1
fitactive|fitactive_next_hypoallergenic_mono_beef_with_cranberries|dry,Next Hypoallergenic Mono Beef with Cranberries,https://www.zooplus.com/shop/dogs/dry_dog_food/fitactive/adult/2178123?activeVariant=2178123.0
bosch|bosch_junior_medium_dry_dog_food|dry,Junior Medium Dry Dog Food,https://www.zooplus.com/shop/dogs/dry_dog_food/bosch/bosch_puppy_junior/128392?activeVariant=128392.4
josera|josera_balance|dry,Balance,https://www.zooplus.com/shop/dogs/dry_dog_food/josera/128501?activeVariant=128501.7
rosie's_farm|rosie's_farm_adult_country-style_-_beef_with_chickpeas|dry,Adult Country-Style - Beef with Chickpeas,https://www.zooplus.com/shop/dogs/dry_dog_food/rosies_farm_dry/rosiesfarm_adult/1115237?activeVariant=1115237.3
purizon|purizon_puppy_large_breed_dog_–_grain-free_chicken_&_fish|dry,Puppy Large Breed Dog – Grain-Free Chicken & Fish,https://www.zooplus.com/shop/dogs/dry_dog_food/purizon/puppy_grainfree/688284?activeVariant=688284.9
schesir|schesirdogmediumpuppywithchicken_v2|dry,Schesir Dog Medium Puppy with Chicken (Variant 2),https://www.zooplus.com/shop/dogs/dry_dog_food/schesir/2115996?activeVariant=2115996.0
happy_dog_supreme|happy_dog_supreme_sano_n|dry,Sano N,https://www.zooplus.com/shop/dogs/dry_dog_food/happy_dog/1583212?activeVariant=1583212.0
bugbell|bugbell_belly_vital_digestion_&_intestinal_flora|dry,Belly Vital Digestion & Intestinal Flora,https://www.zooplus.com/shop/dogs/dry_dog_food/bugbell/2157719?activeVariant=2157719.0
schesir|schesirdogsmalladultwithham_v2|dry,Schesir Dog Small Adult with Ham (Variant 2),https://www.zooplus.com/shop/dogs/dry_dog_food/schesir/2111466?activeVariant=2111466.0
concept-for-life|concept_for_life_large_puppy_&_junior|dry,for Life Large Puppy & Junior,https://www.zooplus.com/shop/dogs/dry_dog_food/concept_for_life/concept_for_life_large/561475?activeVariant=561475.7
belcando|belcando_adult_grain-free_ocean|dry,Adult Grain-free Ocean,https://www.zooplus.com/shop/dogs/dry_dog_food/belcando/adult/1583470?activeVariant=1583470.0
schesir|schesirdogtoyadultwithchicken_v2|dry,Schesir Dog Toy Adult with Chicken (Variant 2),https://www.zooplus.com/shop/dogs/dry_dog_food/schesir/2111807?activeVariant=2111807.0
advance_veterinary_diets|advance_maxi_senior|dry,Maxi Senior,https://www.zooplus.com/shop/dogs/dry_dog_food/advance_vet_diets/1583112?activeVariant=1583112.2
farmina_n&d|farmina_n&d_pumpkin_puppy_medium_&_maxi_with_lamb_and_blueberry|dry,Pumpkin Puppy Medium & Maxi with lamb and blueberry,https://www.zooplus.com/shop/dogs/dry_dog_food/farmina/pumpkin/1949844?activeVariant=1949844.0
happy_dog_supreme|happy_dog_fit_&_vital_mini_adult|dry,fit & vital Mini Adult,https://www.zooplus.com/shop/dogs/dry_dog_food/happy_dog/1948801?activeVariant=1948801.0
nova_foods_natural_trainer|natural_trainer_sensitive_no_gluten_adult_medium/maxi_with_pork|dry,Sensitive No Gluten Adult Medium/Maxi with pork,https://www.zooplus.com/shop/dogs/dry_dog_food/trainernatural/1949156?activeVariant=1949156.0
nova_foods_natural_trainer|natural_trainer_puppy_&_junior_maxi_with_chicken|dry,Puppy & Junior Maxi with Chicken,https://www.zooplus.com/shop/dogs/dry_dog_food/trainernatural/1949151?activeVariant=1949151.2
beneful|beneful_feel-good_weight|dry,Feel-Good Weight,https://www.zooplus.com/shop/dogs/dry_dog_food/beneful/1948776?activeVariant=1948776.1
ultima|ultimanaturemediummaxiadultnograinturkey|dry,Ultima Nature Medium/Maxi Adult No Grain Turkey,https://www.zooplus.com/shop/dogs/dry_dog_food/ultima/1880858?activeVariant=1880858.1
josera|joseraminisenior|dry,Josera MiniSenior,https://www.zooplus.com/shop/dogs/dry_dog_food/josera/1530516?activeVariant=1530516.0
schesir|schesirdogmediumadultwithham_v2|dry,Schesir Dog Medium Adult with Ham (Variant 2),https://www.zooplus.com/shop/dogs/dry_dog_food/schesir/2115520?activeVariant=2115520.1
novafoodsnaturaltrainer|naturaltraineradultmediumwithchicken|dry,Natural Trainer Adult Medium with Chicken,https://www.zooplus.com/shop/dogs/dry_dog_food/trainernatural/1584468?activeVariant=1584468.3
advanceveterinarydiets|advancemediumpuppyprotect|dry,Advance Medium Puppy Protect,https://www.zooplus.com/shop/dogs/dry_dog_food/advance_vet_diets/1583026?activeVariant=1583026.3
schesir|schesirdogmediumpuppywithchicken_v3|dry,Schesir Dog Medium Puppy with Chicken (Variant 3),https://www.zooplus.com/shop/dogs/dry_dog_food/schesir/2115996?activeVariant=2115996.1
advanceveterinarydiets|advancemediumlightchicken|dry,Advance Medium Light Chicken,https://www.zooplus.com/shop/dogs/dry_dog_food/advance_vet_diets/1583117?activeVariant=1583117.0
virbacvetcomplex|virbacveterinaryhpmdogweightlosscontrolw2|dry,Virbac Veterinary HPM Dog Weight Loss & Control W2,https://www.zooplus.com/shop/dogs/dry_dog_food/virbac_dog_food/1583134?activeVariant=1583134.0
advanceveterinarydiets|advancemediumadult|dry,Advance Medium Adult,https://www.zooplus.com/shop/dogs/dry_dog_food/advance_vet_diets/1583116?activeVariant=1583116.5
bonzo|bonzovitafitselectionmenu|dry,Bonzo Vitafit Selection Menu,https://www.zooplus.com/shop/dogs/dry_dog_food/bonzo/1583462?activeVariant=1583462.0
advanceveterinarydiets|advanceveterinarydietsurinary|dry,Advance Veterinary Diets Urinary,https://www.zooplus.com/shop/dogs/dry_dog_food/advance_vet_diets/1583121?activeVariant=1583121.0
nutriplus|nutriplusadultdogwithchicken_v3|dry,Nutriplus Adult Dog with Chicken (Variant 3),https://www.zooplus.com/shop/dogs/dry_dog_food/nutriplus/2123615?activeVariant=2123615.0
granatapet|granatapetlieblingsmahlzeitadultsensitivefish|dry,GranataPet Liebling's Mahlzeit Adult Sensitive Fish,https://www.zooplus.com/shop/dogs/dry_dog_food/granatapet/1582663?activeVariant=1582663.0
advanceveterinarydiets|advanceveterinarydietsatopicmini_v2|dry,Advance Veterinary Diets Atopic Mini (Variant 2),https://www.zooplus.com/shop/dogs/dry_dog_food/advance_vet_diets/1101562?activeVariant=1101562.5
lukullus|lukulluscoldpressedbeefwithgoose|dry,Lukullus Cold-Pressed Beef with Goose,https://www.zooplus.com/shop/dogs/dry_dog_food/lukullus/adult/1903425
schesir|schesirdogsmalladultwithchicken_v2|dry,Schesir Dog Small Adult with Chicken (Variant 2),https://www.zooplus.com/shop/dogs/dry_dog_food/schesir/2111454?activeVariant=2111454.1
arion|arionoriginalmaintenancelargebreedchicken_v2|dry,Arion Original Maintenance Large Breed Chicken (Variant 2),https://www.zooplus.com/shop/dogs/dry_dog_food/arion/adult/1948759?activeVariant=1948759.2
advanceveterinarydiets|advancemaxiadult|dry,Advance Maxi Adult,https://www.zooplus.com/shop/dogs/dry_dog_food/advance_vet_diets/1583114?activeVariant=1583114.0
happydogsupreme|happydogsupremesensiblejuniorlambrice|dry,Happy Dog Supreme Sensible Junior Lamb & Rice,https://www.zooplus.com/shop/dogs/dry_dog_food/happy_dog/1583216?activeVariant=1583216.0
yarrahorganic|yarrahorganicsmallbreedwithorganicchicken|dry,Yarrah Organic Small Breed with Organic Chicken,https://www.zooplus.com/shop/dogs/dry_dog_food/yarrah/682349?activeVariant=682349.4
granatapet|granatapetlieblingsmahlzeitseniorturkey|dry,GranataPet Liebling's Mahlzeit Senior Turkey,https://www.zooplus.com/shop/dogs/dry_dog_food/granatapet/1582443?activeVariant=1582443.0
arion|arionoriginalskincoatmediumbreedsalmon_v3|dry,Arion Original Skin & Coat Medium Breed Salmon (Variant 3),https://www.zooplus.com/shop/dogs/dry_dog_food/arion/adult/1948942?activeVariant=1948942.1
josera|joseralightvital|dry,Josera Light & Vital,https://www.zooplus.com/shop/dogs/dry_dog_food/josera/597034?activeVariant=597034.2
bosch|boschsoftduckpotatohpcdrydogfood_v2|dry,bosch Soft Duck & Potato HPC Dry Dog Food (Variant 2),https://www.zooplus.com/shop/dogs/dry_dog_food/bosch/bosch_adult/413778?activeVariant=413778.1
wolfofwilderness|wolfofwildernessgrainfreefreerangeeconomypackg|dry,Wolf of Wilderness Grain-Free - Free-Range Economy Pack g,https://www.zooplus.com/shop/dogs/dry_dog_food/wolf_of_wilderness/206815/1397094?activeVariant=1397094.1
crave|craveadultchickenwithbonemarrowancientgrainsdrydog|dry,Crave Adult Chicken with Bone Marrow & Ancient Grains Dry Dog Food,https://www.zooplus.com/shop/dogs/dry_dog_food/crave/1433009?activeVariant=1433009.2
arion|arionoriginalsensitivemediumbreedlamb_v3|dry,Arion Original Sensitive Medium Breed Lamb (Variant 3),https://www.zooplus.com/shop/dogs/dry_dog_food/arion/adult/1947627?activeVariant=1947627.2
yarrahorganic|yarrahorganicseniorwithorganicchicken|dry,Yarrah Organic Senior with Organic Chicken,https://www.zooplus.com/shop/dogs/dry_dog_food/yarrah/278311?activeVariant=278311.6
happydogsupreme|happydogsupremesensiblefrance|dry,Happy Dog Supreme Sensible France,https://www.zooplus.com/shop/dogs/dry_dog_food/happy_dog/supreme/1471226?activeVariant=1471226.1
bosch|boschadultsalmonpotato|dry,bosch Adult Salmon & Potato,https://www.zooplus.com/shop/dogs/dry_dog_food/bosch/bosch_adult/572065
bosch|boschorganicadultdrydogfood|dry,bosch Organic Adult Dry Dog Food,https://www.zooplus.com/shop/dogs/dry_dog_food/bosch/bosch_organic/140576?activeVariant=140576.4
bosch|boschsoftduckpotatohpcdrydogfood|dry,bosch Soft Duck & Potato HPC Dry Dog Food,https://www.zooplus.com/shop/dogs/dry_dog_food/bosch/bosch_adult/413778
crave|craveadultlambbeefdrydogfood|dry,Crave Adult Lamb & Beef Dry Dog Food,https://www.zooplus.com/shop/dogs/dry_dog_food/crave/718034?activeVariant=718034.8
bozita|bozitagrainfreesalmonbeefforsmalldogs|dry,Bozita Grain Free Salmon & Beef for Small Dogs,https://www.zooplus.com/shop/dogs/dry_dog_food/bozita/bozita_dog_food/1488611?activeVariant=1488611.5
josera|joseraminijunior|dry,Josera MiniJunior,https://www.zooplus.com/shop/dogs/dry_dog_food/josera/632072?activeVariant=632072.4
bozita|bozitagrainfreesalmonbeefforsmalldogs_v2|dry,Bozita Grain Free Salmon & Beef for Small Dogs (Variant 2),https://www.zooplus.com/shop/dogs/dry_dog_food/bozita/bozita_dog_food/1488611?activeVariant=1488611.4
naturesvariety|naturesvarietyhealthygrainsmediummaxiadultturkey|dry,Nature's Variety Healthy Grains Medium/Maxi Adult Turkey,https://www.zooplus.com/shop/dogs/dry_dog_food/naturesvariety/healthy_grains/2159822?activeVariant=2159822.2
bozita|bozitagrainfreemotherpuppyelk|dry,Bozita Grain Free Mother & Puppy Elk,https://www.zooplus.com/shop/dogs/dry_dog_food/bozita/bozita_dog_food/1487109?activeVariant=1487109.6
happydogsupreme|happydogfitvitalminipuppy|dry,Happy Dog fit & vital Mini Puppy,https://www.zooplus.com/shop/dogs/dry_dog_food/happy_dog/1948960?activeVariant=1948960.1
happydogsupreme|happydogsensibleminiindia|dry,Happy Dog Sensible Mini India,https://www.zooplus.com/shop/dogs/dry_dog_food/happy_dog/1949015?activeVariant=1949015.0
bugbell|bugbellhighsensitive_v2|dry,BugBell High Sensitive (Variant 2),https://www.zooplus.com/shop/dogs/dry_dog_food/bugbell/2220451?activeVariant=2220451.3
dogsntiger|dogsntigeradultinnocentlamb_v3|dry,Dogs'n Tiger Adult Innocent Lamb (Variant 3),https://www.zooplus.com/shop/dogs/dry_dog_food/dogsn_tiger/2188952?activeVariant=2188952.2
bozita|bozitagrainfreereindeer|dry,Bozita Grain Free Reindeer,https://www.zooplus.com/shop/dogs/dry_dog_food/bozita/bozita_dog_food/1486333?activeVariant=1486333.4
bozita|bozitagrainfreereindeer_v2|dry,Bozita Grain Free Reindeer (Variant 2),https://www.zooplus.com/shop/dogs/dry_dog_food/bozita/bozita_dog_food/1486333?activeVariant=1486333.5
friskies|purinafriskieslightsterilisedwithchickenandvegetab|dry,Purina FRISKIES Light Sterilised with Chicken and Vegetables,https://www.zooplus.com/shop/dogs/dry_dog_food/friskies/2105579?activeVariant=2105579.3
bozita|bozitagrainfreesalmonbeefforlargedogs|dry,Bozita Grain Free Salmon & Beef for Large Dogs,https://www.zooplus.com/shop/dogs/dry_dog_food/bozita/bozita_dog_food/1488617?activeVariant=1488617.4
bozita|bozitagrainfreesalmonbeefforsmalldogs_v3|dry,Bozita Grain Free Salmon & Beef for Small Dogs (Variant 3),https://www.zooplus.com/shop/dogs/dry_dog_food/bozita/bozita_dog_food/1488611?activeVariant=1488611.3
bozita|bozitagrainfreereindeer_v3|dry,Bozita Grain Free Reindeer (Variant 3),https://www.zooplus.com/shop/dogs/dry_dog_food/bozita/bozita_dog_food/1486333?activeVariant=1486333.7
bozita|bozitagrainfreesalmonbeefforlargedogs_v2|dry,Bozita Grain Free Salmon & Beef for Large Dogs (Variant 2),https://www.zooplus.com/shop/dogs/dry_dog_food/bozita/bozita_dog_food/1488617?activeVariant=1488617.3
brit|britpremiumbynaturejuniorlargebreedwithchicken|dry,Brit Premium by Nature Junior Large Breed with Chicken,https://www.zooplus.com/shop/dogs/dry_dog_food/brit/brit_premium/1949071
brit|britcaredoggrainfreeadultlargebreedsalmonpotato|dry,Brit Care Dog Grain-Free Adult Large Breed Salmon & Potato,https://www.zooplus.com/shop/dogs/dry_dog_food/brit/brit_care/1949036
proplan|purinaproplanallsizesadultlightsterilisedwithfish|dry,PURINA PRO PLAN All Sizes Adult Light/Sterilised with Fish,https://www.zooplus.com/shop/dogs/dry_dog_food/purina_pro_plan/2104903
animonda|animondagrancarnojuniorpoultrylamb|dry,animonda GranCarno Junior Poultry & Lamb,https://www.zooplus.com/shop/dogs/dry_dog_food/animonda/grancarno/2094856?activeVariant=2094856.2
friskies|purinafriskieslightsterilisedwithchickenandvegetab_v2|dry,Purina FRISKIES Light Sterilised with Chicken and Vegetables (Variant 2),https://www.zooplus.com/shop/dogs/dry_dog_food/friskies/2105579?activeVariant=2105579.2
josera|josidogjuniorsensitive|dry,JosiDog Junior Sensitive,https://www.zooplus.com/shop/dogs/dry_dog_food/josera/profiline/1533263?activeVariant=1533263.2
brit|britcaredoggrainfreejuniorlargebreedsalmonpotatoes|dry,Brit Care Dog Grain-free Junior Large Breed Salmon & Potatoes,https://www.zooplus.com/shop/dogs/dry_dog_food/brit/brit_care/2100912?activeVariant=2100912.0
bozita|bozitagrainfreesalmonbeefforsmalldogs_v4|dry,Bozita Grain Free Salmon & Beef for Small Dogs (Variant 4),https://www.zooplus.com/shop/dogs/dry_dog_food/bozita/bozita_dog_food/1488611?activeVariant=1488611.6
josera|josidogmastermix|dry,JosiDog Master Mix,https://www.zooplus.com/shop/dogs/dry_dog_food/josera/profiline/423968?activeVariant=423968.4
hillsscienceplan|hillsscienceplanadult1hypoallergenicsmallminisalmo|dry,Hill's Science Plan Adult 1+ Hypoallergenic Small & Mini Salmon,https://www.zooplus.com/shop/dogs/dry_dog_food/hills_science_plan/special_care/1764809?activeVariant=1764809.1
frolic|froliccompletewithbeef|dry,Frolic Complete with Beef,https://www.zooplus.com/shop/dogs/dry_dog_food/frolic/437490?activeVariant=437490.5
markusmhle|markusmhlereddeervenison_v2|dry,Markus Mühle Red Deer Venison (Variant 2),https://www.zooplus.com/shop/dogs/dry_dog_food/markus_muehle/markus_muehle_black_angus/585048?activeVariant=585048.0
briantos|briantosadultgrainfreelambpotato_v2|dry,Briantos Adult Grain-Free Lamb & Potato (Variant 2),https://www.zooplus.com/shop/dogs/dry_dog_food/briantos/grain_free/1908773?activeVariant=1908773.2
lukullus|lukulluscoldpressedcharolaisbeeftrout|dry,Lukullus Cold-Pressed Charolais Beef & Trout,https://www.zooplus.com/shop/dogs/dry_dog_food/lukullus/adult/156093?activeVariant=156093.8
josera|josidogagilosport|dry,JosiDog Agilo Sport,https://www.zooplus.com/shop/dogs/dry_dog_food/josera/profiline/423897?activeVariant=423897.5
hillsscienceplan|hillsscienceplanpuppy1mediumwithchicken|dry,Hill’s Science Plan Puppy <1 Medium with Chicken,https://www.zooplus.com/shop/dogs/dry_dog_food/hills_science_plan/puppy_junior/128149?activeVariant=128149.14
proplan|purinaproplansmallminiadultsensitiveskin|dry,PURINA PRO PLAN Small & Mini Adult Sensitive Skin,https://www.zooplus.com/shop/dogs/dry_dog_food/purina_pro_plan/adult/139568?activeVariant=139568.6
hillsprescriptiondiet|hillsprescriptiondietcdmulticareurinarycarewithchi|dry,Hill's Prescription Diet c/d Multicare Urinary Care with chicken,https://www.zooplus.com/shop/dogs/dry_dog_food/hills_prescription/1949024?activeVariant=1949024.0
wolfofwilderness|wolfofwildernessadultgreenfieldslamb_v2|dry,"Wolf of Wilderness Adult ""Green Fields"" - Lamb (Variant 2)",https://www.zooplus.com/shop/dogs/dry_dog_food/wolf_of_wilderness/206814/497278?activeVariant=497278.1
royalcanin|royalcaninwesthighlandwhiteterrieradult|dry,Royal Canin West Highland White Terrier Adult,https://www.zooplus.com/shop/dogs/dry_dog_food/royal_canin_breed/west_highland_terrier/209430?activeVariant=209430.9
wolfofwilderness|wolfofwildernesssensitiveadultroughstormsduck|dry,"Wolf of Wilderness Sensitive Adult ""Rough Storms"" - Duck",https://www.zooplus.com/shop/dogs/dry_dog_food/wolf_of_wilderness/wow_elements_dry_dog_food/761995?activeVariant=761995.1
wolfofwilderness|wolfofwildernesssensitiveadultroughstormsduck_v2|dry,"Wolf of Wilderness Sensitive Adult ""Rough Storms"" - Duck (Variant 2)",https://www.zooplus.com/shop/dogs/dry_dog_food/wolf_of_wilderness/wow_elements_dry_dog_food/761995?activeVariant=761995.2
rinti|rintisinglemeat_v3|wet,RINTI Single Meat (Variant 3),https://www.zooplus.com/shop/dogs/canned_dog_food/rinti/rinti_sensible/568066?activeVariant=568066.6
wolfofwilderness|wolfofwildernessjuniorgreenfieldslamb_v5|dry,"Wolf of Wilderness Junior ""Green Fields"" - Lamb (Variant 5)",https://www.zooplus.com/shop/dogs/dry_dog_food/wolf_of_wilderness/junior/650763?activeVariant=650763.3
simpsonspremium|simpsonspremiumsensitiveadultlambpotatodrydogfood|dry,Simpsons Premium Sensitive Adult Lamb & Potato Dry Dog Food,https://www.zooplus.com/shop/dogs/dry_dog_food/simpsons_premium/sensitive/538329?activeVariant=538329.1
bozita|bozitagrainfreeelk|dry,Bozita Grain Free Elk,https://www.zooplus.com/shop/dogs/dry_dog_food/bozita/bozita_dog_food/1488412?activeVariant=1488412.6
hillsscienceplan|hillsscienceplanmatureadult7lightmediumwithchicken_v2|dry,Hill’s Science Plan Mature Adult 7+ Light Medium with Chicken (Variant 2),https://www.zooplus.com/shop/dogs/dry_dog_food/hills_science_plan/senior/128157?activeVariant=128157.6
proplan|purinaproplanmediumpuppyhealthystart|dry,PURINA PRO PLAN Medium Puppy Healthy Start,https://www.zooplus.com/shop/dogs/dry_dog_food/purina_pro_plan/puppy_junior/128295?activeVariant=128295.11
hillsprescriptiondiet|hillsprescriptiondietcanineidstressminidigestiveca_v2|dry,Hill's Prescription Diet Canine i/d Stress Mini Digestive Care - Chicken (Variant 2),https://www.zooplus.com/shop/dogs/dry_dog_food/hills_prescription/gastrointestinal/599540?activeVariant=599540.8
wolfofwilderness|wolfofwildernesssofthighvalleybeef_v2|dry,Wolf of Wilderness Soft “High Valley” - Beef (Variant 2),https://www.zooplus.com/shop/dogs/dry_dog_food/wolf_of_wilderness/semi_moist/684606?activeVariant=684606.3
lukullus|lukulluscoldpressedveggie_v2|dry,Lukullus Cold-Pressed Veggie (Variant 2),https://www.zooplus.com/shop/dogs/dry_dog_food/lukullus/veggie/655225?activeVariant=655225.4
burns|burnsadultseniorsensitivefishwholegrainmaize|dry,Burns Adult & Senior Sensitive - Fish & Wholegrain Maize,https://www.zooplus.com/shop/dogs/dry_dog_food/burns/burns_adult/1109083?activeVariant=1109083.1
mera|meracareadultsalmon|dry,mera Care Adult Salmon,https://www.zooplus.com/shop/dogs/dry_dog_food/mera_dog/1899550?activeVariant=1899550.1
royalcanin|royalcaninpomeranianadultloaf|wet,Royal Canin Pomeranian Adult Loaf,https://www.zooplus.com/shop/dogs/canned_dog_food/royal_canin/royal_canin_breed_wet/1000032?activeVariant=1000032.1
royalcanincarenutrition|royalcaninsterilisedloaf|wet,Royal Canin Sterilised Loaf,https://www.zooplus.com/shop/dogs/canned_dog_food/royal_canin_care_nutrition/776817?activeVariant=776817.1
eukanuba|eukanubagrainfreelargebreedadultwithsalmon|dry,Eukanuba Grain-Free Large Breed Adult with Salmon,https://www.zooplus.com/shop/dogs/dry_dog_food/eukanuba/eukanuba_adult_large/1328744?activeVariant=1328744.0
pedigree|pedigreeadultpouchinjellymultipack|wet,Pedigree Adult Pouch in Jelly Multipack,https://www.zooplus.com/shop/dogs/canned_dog_food/pedigree_pur/pouches/583351?activeVariant=583351.21
royalcanincarenutrition|royalcaninmediumlightweightcare_v2|dry,Royal Canin Medium Light Weight Care (Variant 2),https://www.zooplus.com/shop/dogs/dry_dog_food/royal_canin_care_nutrition/128334?activeVariant=128334.14
perfectfit|perfectfitadultdogsgchicken_v2|dry,Perfect Fit Adult Dogs (<g) Chicken (Variant 2),https://www.zooplus.com/shop/dogs/dry_dog_food/perfect_fit/adult/628034?activeVariant=628034.5
perfectfit|perfectfitadultdogsgchicken_v3|dry,Perfect Fit Adult Dogs (<g) Chicken (Variant 3),https://www.zooplus.com/shop/dogs/dry_dog_food/perfect_fit/adult/628034?activeVariant=628034.4
rocco|roccodietcarehepaticchickenwithoatmealcottagechees_v2|wet,Rocco Diet Care Hepatic - Chicken with Oatmeal & Cottage Cheese (Variant 2),https://www.zooplus.com/shop/dogs/canned_dog_food/rocco/rocco_diet_care/2152571
royalcaninveterinaryexpert|royalcaninveterinarycaninehypoallergenicmoderateca|dry,Royal Canin Veterinary Canine Hypoallergenic Moderate Calorie,https://www.zooplus.com/shop/dogs/dry_dog_food/royal_canin_vet_diet/567855?activeVariant=567855.4
simpsonspremium|simpsonspremiumsensitiveadultlambpotatodrydogfood_v2|dry,Simpsons Premium Sensitive Adult Lamb & Potato Dry Dog Food (Variant 2),https://www.zooplus.com/shop/dogs/dry_dog_food/simpsons_premium/sensitive/538329
hillsscienceplan|hillsscienceplanpuppy1smallminiwithchicken|dry,Hill’s Science Plan Puppy <1 Small & Mini with Chicken,https://www.zooplus.com/shop/dogs/dry_dog_food/hills_science_plan/puppy_junior/128152?activeVariant=128152.11
lukullus|lukulluscoldpressedchickenwithtrout|dry,Lukullus Cold-Pressed Chicken with Trout,https://www.zooplus.com/shop/dogs/dry_dog_food/lukullus/adult/156094
hillsscienceplan|hillsscienceplanadult1perfectdigestionmediumbreedw_v2|dry,Hill's Science Plan Adult 1+ Perfect Digestion Medium Breed with Chicken (Variant 2),https://www.zooplus.com/shop/dogs/dry_dog_food/hills_science_plan/adult/1093076
conceptforlife|conceptforlifeveterinarydietdogrenal|dry,Concept for Life Veterinary Diet Dog Renal,https://www.zooplus.com/shop/dogs/dry_dog_food/concept_for_life_vet_dog_dry/renal/818922?activeVariant=818922.6
royalcaninsize|royalcaninmediumadult7|dry,Royal Canin Medium Adult 7+,https://www.zooplus.com/shop/dogs/dry_dog_food/royal_canin_size/medium/128336?activeVariant=128336.18
royalcaninsize|royalcaninmediumadult7_v2|dry,Royal Canin Medium Adult 7+ (Variant 2),https://www.zooplus.com/shop/dogs/dry_dog_food/royal_canin_size/medium/128336?activeVariant=128336.15
